Time,x,y,v_x,v_y,x_target,y_target,error_x,error_y,euclidean
0 days 00:00:00.125095844,1.697576075597025,1.3146258097496184,0.7420676018161625,1.3910603298872584,2.342603206,2.342603206,0.6450271304029751,1.0279773962503818,1.2135886972766394
0 days 00:00:00.125103712,1.734679455687833,1.3841788262439814,0.7420676018161625,1.3910603298872584,2.357509612,2.357509612,0.6228301563121668,0.9733307857560185,1.1555475853950223
0 days 00:00:00.144512892,1.7539176230651383,1.3522756326437082,0.7666896928744272,1.350228824345725,2.399877547,2.399877547,0.6459599239348617,1.0476019143562918,1.2307453003334605
0 days 00:00:00.161777020,1.652601547121722,1.4738916373796802,0.637019667730155,1.5058798426586206,2.440842628,2.440842628,0.788241080878278,0.9669509906203198,1.2475248373662842
0 days 00:00:00.185086250,1.783937462754874,1.494609676202565,0.8051107759172509,1.5323959566127758,2.474556764,2.474556764,0.6906193012451258,0.979947087797435,1.1988541671675415
0 days 00:00:00.185088158,1.8241930015507364,1.5712294740332038,0.8051107759172509,1.5323959566127758,2.494767348,2.494767348,0.6705743464492635,0.9235378739667961,1.1413115958260331
0 days 00:00:00.211342335,1.7555820122724473,1.453483477306313,0.7199992858341844,1.3863328064067095,2.5283883413333332,2.5283883413333332,0.772806329060886,1.0749048640270202,1.3238769160860495
0 days 00:00:00.218690872,1.9985618226207211,1.3780135935911677,1.021414174853814,1.2927129019721824,2.5417987506666666,2.5417987506666666,0.5432369280459455,1.163785157075499,1.284329495037017
0 days 00:00:00.237052441,2.049632531363412,1.442649238689777,1.021414174853814,1.2927129019721824,2.571808814666667,2.571808814666667,0.522176283303255,1.12915957597689,1.2440536237898716
0 days 00:00:00.242092371,2.077410423559072,1.2469941860267284,1.054799850219346,1.0575591319948092,2.5884084693333334,2.5884084693333334,0.5109980457742616,1.341414283306605,1.4354481119999032
0 days 00:00:00.289099693,2.1953655042733806,1.4042850148987105,1.1965676274396146,1.2466037331368574,2.6858568186666667,2.6858568186666667,0.4904913143932861,1.2815718037679562,1.3722273928574324
0 days 00:00:00.289111853,2.2551938856453613,1.4666152015555531,1.1965676274396146,1.2466037331368574,2.6912150373333334,2.6912150373333334,0.4360211516879722,1.2245998357777803,1.2999073822800886
0 days 00:00:00.322916746,2.409663717236439,1.3088855967843696,1.3764291453193698,1.0629466019254992,2.764424323,2.764424323,0.3547606057635613,1.4555387262156305,1.4981482139345055
0 days 00:00:00.342911482,2.4784851745024072,1.3620329268806446,1.3764291453193698,1.0629466019254992,2.813595056,2.813595056,0.3351098814975928,1.4515621291193554,1.4897420069833727
0 days 00:00:00.409775734,2.407229624948682,1.5828470683692473,1.296166370515432,1.311673274062968,2.9052172895,2.9052172895,0.4979876645513177,1.3223702211307526,1.4130303308063388
0 days 00:00:00.409787178,2.545679705025069,1.8070355769777249,1.4521175584349033,1.5642008581286242,2.918250799,2.918250799,0.37257109397493116,1.111215222022275,1.1720104477860642
0 days 00:00:00.409790277,2.6182855829468146,1.885245619884156,1.4521175584349033,1.5642008581286242,2.9312843085,2.9312843085,0.3129987255531854,1.046038688615844,1.0918631508934957
0 days 00:00:00.473231316,2.629872450727468,2.102807887031449,1.4647530197910867,1.8014521732505024,2.9951535066666666,2.9951535066666666,0.3652810559391986,0.8923456196352175,0.9642152014515308
0 days 00:00:00.473233223,2.7031101017170225,2.1928804956939745,1.4647530197910867,1.8014521732505024,3.000771681333333,3.000771681333333,0.2976615796163107,0.8078911856393587,0.8609823365281345
0 days 00:00:00.473235369,2.476679801682617,2.165763957487786,1.2258522691044216,1.7728422154290548,3.006389856,3.006389856,0.5297100543173832,0.8406258985122141,0.9936018533066413
0 days 00:00:00.477704048,2.1724658763339617,2.0660939090147883,0.9048840279984928,1.6676829262457724,3.012008030666667,3.012008030666667,0.8395421543327051,0.9459141216518785,1.2647468341300738
0 days 00:00:00.477714539,2.2177100777338863,2.149478055327077,0.9048840279984928,1.6676829262457724,3.0176262053333334,3.0176262053333334,0.7999161275994471,0.8681481500062564,1.1804859260291842
0 days 00:00:00.491340160,2.317535889064501,2.258326355055348,1.0069031083388902,1.778922727724736,3.1080104824,3.1080104824,0.7904745933354991,0.849684127344652,1.1605228127746414
0 days 00:00:00.507175206,2.435294972991056,2.245030738722712,1.127249472508438,1.7653349939238865,3.1154493328,3.1154493328,0.6801543598089439,0.8704185940772877,1.1046440522098493
0 days 00:00:00.537173748,2.491657446616478,2.333297488418906,1.127249472508438,1.7653349939238865,3.1228881832,3.1228881832,0.6312307365835221,0.789590694781094,1.0108935196610307
0 days 00:00:00.538015366,2.481616312574912,2.178834901421469,1.116987725102223,1.6074787154480972,3.1303270336,3.1303270336,0.648710721025088,0.9514921321785308,1.1515914541062453
0 days 00:00:00.589736700,2.5374656988300237,2.259208837193874,1.116987725102223,1.6074787154480972,3.270472049,3.270472049,0.7330063501699762,1.011263211806126,1.248980221197258
0 days 00:00:00.607358217,2.7052147024509665,2.2979719479988665,1.2781233745524934,1.644713625339958,3.316115617,3.316115617,0.6109009145490334,1.0181436690011334,1.1873569211167865
0 days 00:00:00.629156113,2.62133763348606,2.497129823901557,1.1975530838806865,1.8360198804234893,3.3598349886666665,3.3598349886666665,0.7384973551806064,0.8627051647651096,1.1356225362862193
0 days 00:00:00.631437063,2.681215287680094,2.5889308179227317,1.1975530838806865,1.8360198804234893,3.3716127073333335,3.3716127073333335,0.6903974196532396,0.7826818894106018,1.0436663916574114
0 days 00:00:00.686311007,2.6217719147256053,2.7712390158690767,1.142124918087593,2.006013750538276,3.471119165,3.471119165,0.8493472502743948,0.6998801491309234,1.1005557571955176
0 days 00:00:00.689159632,2.678878160629985,2.87153970339599,1.142124918087593,2.006013750538276,3.5161170960000003,3.5161170960000003,0.8372389353700154,0.6445773926040101,1.0566215263544942
0 days 00:00:00.742297411,2.7359844065343646,2.9718403909229045,1.142124918087593,2.006013750538276,3.589794,3.589794,0.8538095934656353,0.6179536090770954,1.0539722410316892
0 days 00:00:00.747577429,2.7565618707238686,3.030378268755563,1.1607520287423303,2.059003347207754,3.605772654,3.605772654,0.8492107832761313,0.575394385244437,1.0257863583628337
0 days 00:00:00.796602964,3.039879245137536,2.8032047040314074,1.4094837050775952,1.859561778578805,3.7010207175,3.7010207175,0.661141472362464,0.8978160134685926,1.114980556116672
0 days 00:00:00.796605587,2.8145994721609853,3.1333284361159506,1.1607520287423303,2.059003347207754,3.7128257749999998,3.7128257749999998,0.8982263028390145,0.5794973388840492,1.068937630025971
0 days 00:00:00.804046392,2.86163618812292,3.274095190389772,1.2008742712753526,2.179077160611972,3.7246308325,3.7246308325,0.8629946443770797,0.450535642110228,0.9735204779742426
0 days 00:00:00.822123766,2.601673037027005,3.207201290227582,0.9791261244370446,2.1220167721176058,3.762416601,3.762416601,1.160743563972995,0.555215310772418,1.286697191502664
0 days 00:00:00.836886644,2.650629343248857,3.3133021288334623,0.9791261244370446,2.1220167721176058,3.7989487646666666,3.7989487646666666,1.1483194214178098,0.48564663583320433,1.2467919427480443
0 days 00:00:00.847736359,2.941486134741476,3.2882722443472248,1.2205313814516283,2.1012424739950237,3.809500217333333,3.809500217333333,0.868014082591857,0.5212279729861082,1.012485578860751
0 days 00:00:00.896341562,3.002512703814057,3.393334368046976,1.2205313814516283,2.1012424739950237,3.9189949029999998,3.9189949029999998,0.9164821991859426,0.5256605349530239,1.0565314095812774
0 days 00:00:00.929102898,3.0010181011116552,3.3814303504796968,1.2193239018630853,2.091625297329245,3.9868688580000002,3.9868688580000002,0.985850756888345,0.6054385075203035,1.1569172404479653
0 days 00:00:00.961194038,3.0619842962048094,3.486011615346159,1.2193239018630853,2.091625297329245,4.018478869333333,4.018478869333333,0.9564945731285239,0.5324672539871744,1.0947160567895948
0 days 00:00:00.963269472,2.904899308906692,3.737333739076937,1.095734940272035,2.289356734502149,4.023760794666666,4.023760794666666,1.118861485759974,0.28642705558972903,1.1549421987661626
0 days 00:00:00.988892078,2.9596860559202938,3.851801575802044,1.095734940272035,2.289356734502149,4.072912930999999,4.072912930999999,1.1132268750797056,0.22111135519795555,1.1349732625913276
0 days 00:00:01.052343845,3.0144728029338954,3.966269412527151,1.095734940272035,2.289356734502149,4.221189022000001,4.221189022000001,1.2067162190661054,0.25491960947284964,1.2333483046775502
0 days 00:00:01.089635372,3.069259549947497,4.080737249252259,1.095734940272035,2.289356734502149,4.285932222666667,4.285932222666667,1.2166726727191701,0.2051949734144083,1.2338546793103913
0 days 00:00:01.089755058,2.9711758579025025,3.915350559604647,1.0205441379672855,2.162571561290827,4.297957737333333,4.297957737333333,1.3267818794308308,0.38260717772868613,1.380846989363962
0 days 00:00:01.117203474,3.2084709853743925,4.042338565209882,1.1930291892708689,2.254876586240627,4.3311085689999995,4.3311085689999995,1.122637583625607,0.2887700037901171,1.159182151026182
0 days 00:00:01.130132198,3.133574757723075,4.051850516281865,1.1385886290852716,2.261790631995075,4.37005186,4.37005186,1.2364771022769254,0.318201343718135,1.2767645513559533
0 days 00:00:01.139674902,3.0613089007258987,3.842402560504634,1.086060032377647,2.1095471292204726,4.396847088666667,4.396847088666667,1.3355381879407684,0.5544445281620329,1.446053590382089
0 days 00:00:01.152143478,3.115611902344781,3.9478799169656575,1.086060032377647,2.1095471292204726,4.405824343333333,4.405824343333333,1.2902124409885523,0.45794442636767574,1.3690731319118268
0 days 00:00:01.177644968,3.154559606270529,3.84875136655159,1.113728501134125,2.039126156388917,4.473601818,4.473601818,1.319042211729471,0.6248504514484097,1.4595583040767695
0 days 00:00:01.184383631,3.210246031327235,3.950707674371036,1.113728501134125,2.039126156388917,4.4853124620000004,4.4853124620000004,1.2750664306727653,0.5346047876289646,1.3826050345577352
0 days 00:00:01.198178768,3.060806381843552,4.015790589923361,1.0099225227028006,2.084335013284757,4.511687517,4.511687517,1.4508811351564486,0.49589692707663957,1.533287262921374
0 days 00:00:01.225307941,3.111302507978692,4.120007340587598,1.0099225227028006,2.084335013284757,4.540346383,4.540346383,1.4290438750213084,0.42033904241240183,1.4895809166715623
0 days 00:00:01.234077215,3.171732995460425,4.285981621738578,1.0509894399346755,2.197126624782307,4.5779137599999995,4.5779137599999995,1.4061807645395743,0.29193213826142106,1.4361645852446672
0 days 00:00:01.258846760,3.494358306232209,4.085214867488934,1.270236834527971,2.060690993973032,4.626897096,4.626897096,1.1325387897677914,0.5416822285110667,1.2554137752205083
0 days 00:00:01.279843330,3.36331593853605,4.17243790621381,1.1811840022192162,2.119965401003256,4.6972859693333335,4.6972859693333335,1.3339700307972837,0.5248480631195234,1.433506725629713
0 days 00:00:01.281104088,3.4223751386470105,4.278436176263973,1.1811840022192162,2.119965401003256,4.705931344666666,4.705931344666666,1.283556206019656,0.4274951684026931,1.35287421921597
0 days 00:00:01.299693346,3.203282512902634,4.08543730380678,1.035207603699561,1.9913746726574917,4.733689069,4.733689069,1.5304065560973665,0.64825176519322,1.662039282935854
0 days 00:00:01.329545021,2.961895020070891,3.920491987520795,0.8743766458727146,1.8814753862606677,4.767270882,4.767270882,1.8053758619291091,0.846778894479205,1.9940954086932998
0 days 00:00:01.329552412,2.907731629454687,3.794488713372605,0.8382888192427501,1.7975222906265955,4.77085177,4.77085177,1.863120140545313,0.9763630566273953,2.103449898726465
0 days 00:00:01.332887650,2.949646070416825,3.884364827903935,0.8382888192427501,1.7975222906265955,4.784536838,4.784536838,1.8348907675831754,0.9001720100960653,2.0438037520080945
0 days 00:00:01.338392973,3.0638478587878764,3.9461487206666175,0.9130342731153576,1.8379600558528173,4.802198250666667,4.802198250666667,1.7383503918787904,0.8560495300000492,1.93770041099197
0 days 00:00:01.344231367,3.208754970153871,3.768379220360902,1.00787646396817,1.721609321117515,4.809755483333333,4.809755483333333,1.6010005131794625,1.0413762629724315,1.9098866888596635
0 days 00:00:01.350001097,3.292740011780716,3.674220688133387,1.0628449556568662,1.6599822456775286,4.824506917333333,4.824506917333333,1.531766905552617,1.150286229199946,1.9155856185598363
0 days 00:00:01.356806755,3.1672727606038515,3.6444493523866135,0.9807262185588717,1.640496806486714,4.8317011186666665,4.8317011186666665,1.664428358062815,1.187251766280053,2.0444775654574405
0 days 00:00:01.366767883,3.175490491854351,3.6775467406919904,0.9861047512498482,1.6621591582429358,4.848634242,4.848634242,1.6731437501456492,1.1710875013080098,2.0422673537936418
0 days 00:00:01.379416704,3.2272125903018773,3.820829340174427,1.0199570383186207,1.7559381006143544,4.858373164,4.858373164,1.6311605736981223,1.0375438238255725,1.9331792476502996
0 days 00:00:01.382468462,3.3679680837348083,3.8133921336313095,1.112081981296958,1.7510704239646375,4.879246074666667,4.879246074666667,1.5112779909318586,1.0658539410353574,1.8493257661903804
0 days 00:00:01.382671356,3.4235721827996564,3.900945654829541,1.112081981296958,1.7510704239646375,4.890380063333333,4.890380063333333,1.4668078805336764,0.9894344085037918,1.7693235450665727
0 days 00:00:01.401764870,3.262061645299392,3.89377576964433,1.007735523192991,1.7464382053139649,4.911179223333333,4.911179223333333,1.649117578033941,1.017403453689003,1.9377044598593574
0 days 00:00:01.409369946,3.3683071270191003,3.9275353728021423,1.0763771107858944,1.7682491352448215,4.920844394666666,4.920844394666666,1.552537267647566,0.993309021864524,1.843104658002911
0 days 00:00:01.418062449,3.372523662334173,3.961847027759068,1.0791012706605865,1.790416727043188,4.941655873,4.941655873,1.5691322106658272,0.9798088452409321,1.849919259795247
0 days 00:00:01.435577154,3.4264787258672027,4.051367864111228,1.0791012706605865,1.790416727043188,4.95280218,4.95280218,1.5263234541327972,0.9014343158887721,1.7726384607408618
0 days 00:00:01.450690746,3.451083629799612,4.009619894032492,1.094808968862597,1.7637649459045672,4.963948487,4.963948487,1.5128648572003875,0.9543285929675074,1.788715499878975
0 days 00:00:01.454105139,3.4699908532610304,3.937737406583063,1.1068792846332167,1.717875377631219,4.9972912460000005,4.9972912460000005,1.5273003927389701,1.0595538394169375,1.8588439494168911
0 days 00:00:01.470570087,3.496559078205729,4.04031776423259,1.1238403611869343,1.783362375826352,5.019487698,5.019487698,1.5229286197942709,0.9791699337674098,1.8105483534505662
0 days 00:00:01.478918791,3.552751096265076,4.129485883023908,1.1238403611869343,1.783362375826352,5.05756696,5.05756696,1.5048158637349238,0.9280810769760919,1.7679947028171175
0 days 00:00:01.498589993,3.5248440831313936,4.125729370372658,1.1062199533101045,1.780990524536053,5.07344977,5.07344977,1.5486056868686062,0.9477203996273422,1.815586277011257
0 days 00:00:01.584395647,3.512512674144845,4.044460775993145,1.098433937121337,1.729677767642865,5.0934860224,5.0934860224,1.5809733482551547,1.0490252464068544,1.897348332671699
0 days 00:00:01.584399223,3.567434371000912,4.1309446643752885,1.098433937121337,1.729677767642865,5.097639464799999,5.097639464799999,1.5302050937990872,0.9666948004247109,1.8099796866972968
0 days 00:00:01.584542513,3.626633170459081,4.151873328927926,1.1354047124473172,1.7427481164021354,5.1017929072,5.1017929072,1.475159736740919,0.9499195782720742,1.7545493592618397
0 days 00:00:01.584676743,3.5602135415067053,4.075908913129823,1.0939243918714174,1.695306895043828,5.1059463496,5.1059463496,1.5457328080932946,1.0300374364701765,1.8574894439931644
0 days 00:00:01.616104841,3.614909761100276,4.160674257882014,1.0939243918714174,1.695306895043828,5.2794851065,5.2794851065,1.664575345399724,1.1188108486179864,2.005629276685477
0 days 00:00:01.647245169,3.652920055612797,4.161280414644873,1.117406657447134,1.6956813708080525,5.314875841,5.314875841,1.6619557853872031,1.1535954263551274,2.0230866121571425
0 days 00:00:01.657831669,3.7087903884851534,4.246064483185275,1.117406657447134,1.6956813708080525,5.3502665755,5.3502665755,1.6414761870148467,1.1042020923147247,1.9783089579762347
0 days 00:00:01.668772459,3.747109781646478,4.1711700575307615,1.140811316299069,1.649937470977074,5.429258823,5.429258823,1.6821490413535218,1.258088765469238,2.100574383145354
0 days 00:00:01.712464809,3.804150347461431,4.253666931079615,1.140811316299069,1.649937470977074,5.558366616,5.558366616,1.7542162685385687,1.3046996849203847,2.18621041636818
0 days 00:00:01.712468147,3.786802714583152,4.184241222352759,1.1303403848730047,1.6080325125089343,5.5666281380000004,5.5666281380000004,1.7798254234168485,1.382386915647241,2.2536131261584487
0 days 00:00:01.760788202,3.843319733826802,4.264642847978206,1.1303403848730047,1.6080325125089343,5.5907741785,5.5907741785,1.747454444673198,1.326131330521794,2.193677583875903
0 days 00:00:01.765507221,4.010626772512669,4.336569372503279,1.23010840687706,1.6509235177999082,5.606658697,5.606658697,1.596031924487331,1.2700893244967215,2.039716842158066
0 days 00:00:01.772480488,3.8816317752529454,4.302050851244144,1.1531865043312577,1.6303395386943134,5.6225432155,5.6225432155,1.740911440247055,1.3204923642558564,2.18505668732898
0 days 00:00:01.774455547,3.8580982983706673,4.235275853150089,1.139153093317203,1.5905204759011635,5.66651535,5.66651535,1.8084170516293328,1.4312394968499111,2.306256431962178
0 days 00:00:01.806930065,3.915055953036528,4.314801876945147,1.139153093317203,1.5905204759011635,5.707802295333333,5.707802295333333,1.7927463422968049,1.3930004183881861,2.2703280849798415
0 days 00:00:01.807010889,3.973308132805348,4.31178875836071,1.1735133164656493,1.5887431788567468,5.721001624666667,5.721001624666667,1.7476934918613192,1.4092128663059569,2.2450642405188903
0 days 00:00:01.820834875,4.017637039734826,4.3313676100335545,1.1996608553228791,1.6002918233047154,5.747672557333334,5.747672557333334,1.730035517598508,1.4163049472997793,2.235831522252553
0 days 00:00:01.839712620,4.07762008250097,4.411382201198791,1.1996608553228791,1.6002918233047154,5.7611441606666665,5.7611441606666665,1.6835240781656964,1.3497619594678758,2.157802277547741
0 days 00:00:01.850491762,4.013407385662232,4.390359800844666,1.1621802310528406,1.5880211552325418,5.8050575250000005,5.8050575250000005,1.7916501393377686,1.4146977241553342,2.2828446886547775
0 days 00:00:01.884439707,4.034714510500692,4.308017951916185,1.1746170913571308,1.5399586371741691,5.848469256666667,5.848469256666667,1.8137547461659755,1.5404513047504818,2.3796420952628705
0 days 00:00:01.884442806,4.093445365068548,4.385015883774894,1.1746170913571308,1.5399586371741691,5.861439227333333,5.861439227333333,1.7679938622647855,1.476423343558439,2.3033949262795197
0 days 00:00:01.911808968,4.135312551597921,4.441759106090371,1.1988093446506285,1.5727467588689998,5.925721644666667,5.925721644666667,1.790409093068746,1.4839625385762956,2.3254482441974607
0 days 00:00:01.931268215,4.162672689233325,4.473631137911462,1.214618942445223,1.591163479234322,5.938793181333334,5.938793181333334,1.7761204921000084,1.4651620434218717,2.3024560399585767
0 days 00:00:01.940619946,4.223403636355586,4.553189311873178,1.214618942445223,1.591163479234322,5.978349446,5.978349446,1.754945809644414,1.4251601341268225,2.260733554113105
0 days 00:00:01.953361034,4.260040986969613,4.687209086063056,1.2355849832862131,1.6678574544283016,6.015199819333334,6.015199819333334,1.7551588323637208,1.3279907332702772,2.20094114289231
0 days 00:00:01.971277714,4.357242889306673,4.665851882647975,1.291209612798603,1.6556356100114595,6.025565464666666,6.025565464666666,1.6683225753599933,1.3597135820186912,2.152236334741587
0 days 00:00:01.983313560,4.421803369946603,4.748633663148548,1.291209612798603,1.6556356100114595,6.053809166000001,6.053809166000001,1.6320057960533978,1.3051755028514522,2.0897191226563026
0 days 00:00:01.995857716,4.393985336320917,4.714946306753365,1.2754378553577437,1.636536171818315,6.097434521,6.097434521,1.7034491846790836,1.382488214246635,2.193857968810808
0 days 00:00:02.023831844,4.502173814604262,4.487429107920556,1.336776570392047,1.5075426519348116,6.139263153,6.139263153,1.6370893383957377,1.6518340450794442,2.3256433979379803
0 days 00:00:02.032104015,4.569012643123864,4.562806240517296,1.336776570392047,1.5075426519348116,6.168537855,6.168537855,1.599525211876136,1.6057316144827043,2.2664630862153103
0 days 00:00:02.054255724,4.6220133670139685,4.669220016996044,1.366559414601755,1.5673400413667888,6.192525625,6.192525625,1.5705122579860316,1.5233056080039562,2.1879142414319364
0 days 00:00:02.054267645,4.69016434734696,4.716025494336034,1.404855684558463,1.5936415734490366,6.203320026,6.203320026,1.5131556786530398,1.4872945316639665,2.12171749574666
0 days 00:00:02.065005302,4.722522456964955,4.800236563787098,1.4230387671078946,1.640962533958828,6.214114427,6.214114427,1.4915919700350448,1.4138778632129023,2.055212207329576
0 days 00:00:02.088321447,4.79367439532035,4.882284690485039,1.4230387671078946,1.640962533958828,6.288928666666666,6.288928666666666,1.4952542713463162,1.406643976181627,2.05290833007893
0 days 00:00:02.093008041,4.948847599051976,4.966512426073343,1.5095559016352214,1.6879238788017723,6.304950077333333,6.304950077333333,1.3561024782813575,1.3384376512599907,1.9053685412305936
0 days 00:00:02.111032009,4.966628127509287,4.967623242487615,1.5194694713464498,1.6885432167469692,6.330963611,6.330963611,1.3643354834907129,1.3633403685123842,1.9287582201839921
0 days 00:00:02.124727726,5.103661349353271,4.872695416377069,1.5958726221732744,1.6356160147269794,6.354654312,6.354654312,1.2509929626467287,1.481958895622931,1.9393776220498105
0 days 00:00:02.130529165,5.183454980461934,4.9544762171134185,1.5958726221732744,1.6356160147269794,6.36835289,6.36835289,1.1848979095380656,1.4138766728865813,1.8447304144943528
0 days 00:00:02.159285545,5.215310191785063,5.062780057971536,1.613512304108907,1.6955887860818957,6.415006161,6.415006161,1.199695969214937,1.352226103028464,1.807701815085141
0 days 00:00:02.164369583,5.1954167302828616,5.131255118240548,1.602496388064966,1.7335065468971134,6.459674596999999,6.459674596999999,1.2642578667171378,1.328419478759451,1.8338610266603355
0 days 00:00:02.184214354,5.2755415496861096,5.217930445585403,1.602496388064966,1.7335065468971134,6.4895873066666665,6.4895873066666665,1.214045756980557,1.2716568610812633,1.758129196725185
0 days 00:00:02.191399336,5.255529075054877,5.260843088671375,1.5914882125105148,1.7571113192853642,6.507786273333333,6.507786273333333,1.252257198278456,1.2469431846619585,1.7672055331554153
0 days 00:00:02.217258930,5.171914108435063,5.2847675584485,1.5454944886711852,1.7702713491270885,6.535778522,6.535778522,1.3638644135649374,1.2510109635514999,1.8507173121562577
0 days 00:00:02.217262745,5.135507039314969,5.312191464702271,1.5254682092788523,1.785356298889332,6.545571804,6.545571804,1.410064764685031,1.233380339297729,1.8733685440864092
0 days 00:00:02.232471228,5.211780449778911,5.401459279646738,1.5254682092788523,1.785356298889332,6.574183464,6.574183464,1.3624030142210888,1.172724184353262,1.7976161953336236
0 days 00:00:02.250977755,5.232592328400133,5.374238251067237,1.5368501237637409,1.7704692516831928,6.602664232,6.602664232,1.3700719035998672,1.2284259809327631,1.8401433128059308
0 days 00:00:02.273293495,5.371425205253111,5.2846229998534,1.6127771441347076,1.721459109714674,6.640763998000001,6.640763998000001,1.2693387927468898,1.3561409981466008,1.8575089172400197
0 days 00:00:02.279119253,5.452064062459846,5.370695955339134,1.6127771441347076,1.721459109714674,6.678604602666667,6.678604602666667,1.2265405402068206,1.3079086473275332,1.793049560532273
0 days 00:00:02.296756744,5.474177761908315,5.413261452663646,1.6248025549962026,1.7446061907828556,6.6880078313333335,6.6880078313333335,1.2138300694250184,1.274746378669688,1.760216397881757
0 days 00:00:02.314715862,5.446414900427135,5.292540375135131,1.6097051346491484,1.6789581719922564,6.719040870000001,6.719040870000001,1.2726259695728652,1.4265004948648699,1.9116695635702823
0 days 00:00:02.329089165,5.526900157159593,5.376488283734743,1.6097051346491484,1.6789581719922564,6.759595552,6.759595552,1.2326953948404071,1.383107268265257,1.8527071144649196
0 days 00:00:02.358720064,5.530205182432004,5.48252058611144,1.6114924465585645,1.736298973105834,6.778520424,6.778520424,1.2483152415679957,1.2959998378885595,1.7994183844059546
0 days 00:00:02.366526365,5.5283511382120665,5.390060846861751,1.610489805113568,1.6862980262199077,6.846029996,6.846029996,1.317678857787934,1.4559691491382498,1.9637015393138728
0 days 00:00:02.375540257,5.502624459357333,5.337289087217559,1.5965771733734655,1.6577597892266105,6.872694491333333,6.872694491333333,1.3700700319760006,1.5354054041157745,2.0578050557588408
0 days 00:00:02.386122704,5.582453318026006,5.420177076678889,1.5965771733734655,1.6577597892266105,6.876930712666667,6.876930712666667,1.2944773946406611,1.456753635987778,1.9487952383971192
0 days 00:00:02.400237560,5.551924195857788,5.481355000594465,1.5801453776945509,1.6906877961408566,6.906902074,6.906902074,1.3549778781422113,1.4255470734055349,1.9667611722702516
0 days 00:00:02.425830364,5.491577445352962,5.594750628793156,1.5476647361380094,1.7517211197711984,6.94175291,6.94175291,1.450175464647038,1.3470022812068443,1.9792483481970358
0 days 00:00:02.430389643,5.568960682159863,5.682336684781715,1.5476647361380094,1.7517211197711984,6.950868605999999,6.950868605999999,1.381907923840136,1.2685319212182842,1.8758578691153298
0 days 00:00:02.453916550,5.565404409215292,5.791325493963029,1.5457595739404828,1.810108471485216,6.985533952,6.985533952,1.420129542784708,1.1942084580369707,1.8555057961474934
0 days 00:00:02.472817183,5.546329091657604,5.832721620919734,1.535540568120863,1.8322851540490035,7.028814911,7.028814911,1.4824858193423962,1.1960932900802668,1.9048368337278478
0 days 00:00:02.477036953,5.521112257337898,5.89119839577543,1.522031436443964,1.86361226043954,7.04654622,7.04654622,1.5254339626621016,1.1553478242245694,1.9135771135189323
0 days 00:00:02.478192091,5.597213829160096,5.984379008797408,1.522031436443964,1.86361226043954,7.064277529,7.064277529,1.4670636998399038,1.0798985202025921,1.821663172302634
0 days 00:00:02.493133068,5.592983603130539,5.954443117667341,1.519774109393594,1.8476379138318948,7.092013040666667,7.092013040666667,1.4990294375361284,1.137569922999326,1.8817955745278427
0 days 00:00:02.502205609,5.658789048990178,5.98687453109731,1.5548891155333882,1.864943917413189,7.102017243333333,7.102017243333333,1.4432281943431553,1.1151427122360227,1.8238560495828933
0 days 00:00:02.526414155,5.708114162966117,5.971542361566488,1.5812099109855695,1.8567623874474235,7.162018775,7.162018775,1.4539046120338828,1.1904764134335117,1.879114874571247
0 days 00:00:02.539003372,5.787174658515395,6.064380480938859,1.5812099109855695,1.8567623874474235,7.191554069,7.191554069,1.404379410484605,1.127173588061141,1.8007781168749564
0 days 00:00:02.548896790,5.72588959774968,6.041256691267637,1.5486134291835572,1.84446323689109,7.223806858,7.223806858,1.4979172602503192,1.182550166732363,1.9084498985811922
0 days 00:00:02.584611416,5.675107554553813,5.973282470528531,1.5216033238459592,1.8083089046338596,7.281214237,7.281214237,1.6061066824461872,1.3079317664714694,2.0712952906680098
0 days 00:00:02.591966629,5.751187720746112,6.063697915760224,1.5216033238459592,1.8083089046338596,7.31225276,7.31225276,1.5610650392538874,1.2485548442397754,1.9989530399324917
0 days 00:00:02.618714333,5.890061391845807,5.990547855869436,1.5952209872648229,1.7695316731725852,7.33365345,7.33365345,1.4435920581541932,1.3431055941305639,1.9717734827689195
0 days 00:00:02.643170118,5.835725556661503,5.940546599412458,1.5664172752688366,1.7430257441565111,7.393024126666666,7.393024126666666,1.5572985700051634,1.4524775272542083,2.1295233746823787
0 days 00:00:02.648381233,5.9140464204249446,6.027697886620284,1.5664172752688366,1.7430257441565111,7.400620301333333,7.400620301333333,1.4865738809083888,1.3729224147130497,2.0235656303220164
0 days 00:00:02.665293217,5.914339861490613,6.0466761623374135,1.5665723009796904,1.7530520186901224,7.423110008,7.423110008,1.508770146509387,1.3764338456625866,2.042292213784172
0 days 00:00:02.683693171,5.934582418904363,6.112368567809275,1.577266498962569,1.7877574946696757,7.493198036,7.493198036,1.5586156170956365,1.3808294681907247,2.0822998492239995
0 days 00:00:02.683707237,6.013445743852492,6.201756442542759,1.577266498962569,1.7877574946696757,7.501474618,7.501474618,1.4880288741475072,1.2997181754572402,1.9757270221137826
0 days 00:00:02.703316450,6.024338327228556,6.1933304571415535,1.5830013396717744,1.7833212941444456,7.5097512,7.5097512,1.4854128727714446,1.3164207428584467,1.9847959529440553
0 days 00:00:02.749330759,6.0267120734266015,6.075079870518184,1.5842510942855226,1.7210634940760705,7.630551974,7.630551974,1.6038399005733988,1.555472103481816,2.234232729905601
0 days 00:00:02.751721859,6.105924628140878,6.161133045221988,1.5842510942855226,1.7210634940760705,7.64060386,7.64060386,1.5346792318591218,1.4794708147780113,2.1316834278287233
0 days 00:00:02.796685696,6.134189802575584,6.184284615129664,1.5990813038495355,1.7332106907707123,7.658434549333333,7.658434549333333,1.5242447467577493,1.4741499342036688,2.1204810955373494
0 days 00:00:02.796708107,6.179703528662996,6.162082634580806,1.6229615065871708,1.7215617258921725,7.6662133526666665,7.6662133526666665,1.4865098240036705,1.50413071808586,2.1147389138966797
0 days 00:00:02.810381651,6.148515728299012,6.182374234126741,1.6065978497377529,1.732208349508468,7.722360372000001,7.722360372000001,1.5738446437009888,1.5399861378732593,2.201941022677058
0 days 00:00:02.810467005,6.2288456207859,6.268984651602165,1.6065978497377529,1.732208349508468,7.756279707,7.756279707,1.5274340862141003,1.4872950553978352,2.1319243583062586
0 days 00:00:02.845158339,6.15753459016773,6.291494142183805,1.5692848312893033,1.743986289471713,7.777557849333332,7.777557849333332,1.6200232591656025,1.486063707149527,2.198376833471581
0 days 00:00:02.845161676,6.235998831732195,6.378693456657391,1.5692848312893033,1.743986289471713,7.785673140666666,7.785673140666666,1.5496743089344713,1.4069796840092748,2.0931035079485127
0 days 00:00:02.891671896,6.235379246308868,6.435465447901784,1.568961767263538,1.77358832230144,7.843295255999999,7.843295255999999,1.607916009691131,1.4078298080982155,2.1371426397858677
0 days 00:00:02.892045736,6.3138273346720455,6.524144864016856,1.568961767263538,1.77358832230144,7.853248914,7.853248914,1.5394215793279544,1.329104049983144,2.0337985088454973
0 days 00:00:02.900954962,6.298367009886464,6.505189823568507,1.560933562354384,1.7637453887996446,7.9299950599999995,7.9299950599999995,1.6316280501135356,1.4248052364314923,2.1661671347520484
0 days 00:00:02.965122700,6.403338517343188,6.501955735998592,1.615442945771172,1.762065998614411,7.956995804666667,7.956995804666667,1.553657287323479,1.4550400686680751,2.1286128271442295
0 days 00:00:02.965126276,6.484110664631746,6.590059035929312,1.615442945771172,1.762065998614411,7.968175569333334,7.968175569333334,1.4840649047015875,1.3781165334040217,2.025254013947004
0 days 00:00:03.001667261,6.564882811920305,6.678162335860033,1.615442945771172,1.762065998614411,8.120601415,8.120601415,1.5557186030796943,1.4424390791399668,2.1215303130048344
0 days 00:00:03.050890207,6.447189410129173,6.604858776251513,1.554881280918971,1.7243460793842489,8.1894160505,8.1894160505,1.742226640370827,1.5845572742484872,2.3550319364695707
0 days 00:00:03.050893545,6.524933474175121,6.691076080220725,1.554881280918971,1.7243460793842489,8.194791555,8.194791555,1.6698580808248789,1.5037154747792751,2.247128442966002
0 days 00:00:03.061465502,6.619929816047892,6.733448394363975,1.6034958663607726,1.7460302036955069,8.2001670595,8.2001670595,1.5802372434521077,1.4667186651360247,2.156017947107936
0 days 00:00:03.080042124,6.700104609365931,6.820749904548751,1.6034958663607726,1.7460302036955069,8.249856472000001,8.249856472000001,1.5497518626340705,1.4291065674512504,2.108097819568643
0 days 00:00:03.106397867,6.607911391632103,6.837330182657002,1.5563157858195824,1.7545151972315944,8.3333141,8.3333141,1.7254027083678976,1.4959839173429987,2.28363359298119
0 days 00:00:03.106399536,6.594781951768763,6.7669658128515096,1.5496354520715676,1.7187134052921,8.337884266,8.337884266,1.743102314231237,1.57091845314849,2.3465273201735237
0 days 00:00:03.127805948,6.5756524563067575,6.763362868932138,1.5399022558767976,1.7168802069144613,8.35442686,8.35442686,1.7787744036932427,1.5910639910678626,2.386529489217983
0 days 00:00:03.127812386,6.652647569100598,6.849206879277861,1.5399022558767976,1.7168802069144613,8.366399288,8.366399288,1.7137517188994025,1.5171924087221393,2.2888463817204387
0 days 00:00:03.152299643,6.679046231351584,6.804464963868823,1.5532729289733158,1.6942188493441936,8.420119602666666,8.420119602666666,1.7410733713150828,1.6156546387978432,2.3752213362487837
0 days 00:00:03.152306795,6.697469082290956,6.764405924121677,1.562603928971508,1.6739293240672255,8.427784601333334,8.427784601333334,1.730315519042378,1.6633786772116572,2.400170914589479
0 days 00:00:03.175210476,6.761773128400788,6.835757274538622,1.595173320978707,1.7100681091446577,8.474655865999999,8.474655865999999,1.7128827375992115,1.638898591461377,2.3706446097758844
0 days 00:00:03.208576202,6.755745509972951,6.868068038156788,1.5921203891754618,1.726433205744249,8.536499403999999,8.536499403999999,1.7807538940270478,1.6684313658432108,2.4402351635901685
0 days 00:00:03.209068298,6.835351529431724,6.954389698444,1.5921203891754618,1.726433205744249,8.540468978,8.540468978,1.7051174485682754,1.5860792795559995,2.3287492339126734
0 days 00:00:03.219170332,6.819268343164628,6.960978430379591,1.583996947995323,1.7297611020604142,8.544438551999999,8.544438551999999,1.7251702088353706,1.5834601216204076,2.3416998539982004
0 days 00:00:03.219174623,6.791425268183946,6.923331351727619,1.5699337158643574,1.7107459750852951,8.548408126,8.548408126,1.7569828578160536,1.6250767742723813,2.3932954863407474
0 days 00:00:03.246790409,6.8699219539771645,7.008868650481883,1.5699337158643574,1.7107459750852951,8.626648426,8.626648426,1.7567264720228346,1.617779775518116,2.3881581395672358
0 days 00:00:03.246802568,6.8348740375467765,7.149160882131051,1.5522774595059337,1.781421663096962,8.630399704,8.630399704,1.7955256664532238,1.4812388218689492,2.327655658877405
0 days 00:00:03.263854027,6.816585049516863,7.287131232500364,1.5430639286007892,1.8509276458797217,8.634150982000001,8.634150982000001,1.817565932483138,1.347019749499637,2.2623015105121076
0 days 00:00:03.305293083,6.799566488613925,7.268632369962096,1.5344904068409286,1.8416083854904872,8.689402770000001,8.689402770000001,1.889836281386076,1.4207704000379051,2.3643328234550696
0 days 00:00:03.305322170,6.876291008955971,7.36071278923662,1.5344904068409286,1.8416083854904872,8.698593520000001,8.698593520000001,1.8223025110440298,1.3378807307633807,2.2606882340352317
0 days 00:00:03.345208168,6.8760087623283885,7.343825116070112,1.534348464961078,1.833115571613174,8.70778427,8.70778427,1.831775507671611,1.3639591539298879,2.2838095551281685
0 days 00:00:03.345211744,6.952726185576442,7.43548089465077,1.534348464961078,1.833115571613174,8.71697502,8.71697502,1.7642488344235572,1.28149412534923,2.180550651342332
0 days 00:00:03.380357027,6.970608151981244,7.4163400714138366,1.5433198389141145,1.8235126297923352,8.872351883499999,8.872351883499999,1.9017437315187546,1.456011812086162,2.3951199588549437
0 days 00:00:03.393198013,6.876445491705434,7.289621051489675,1.4960784774987286,1.7599377583846434,8.882451533,8.882451533,2.0060060412945653,1.5928304815103242,2.561477928957949
0 days 00:00:03.393317461,6.951249415580371,7.377617939408907,1.4960784774987286,1.7599377583846434,8.8925511825,8.8925511825,1.9413017669196293,1.5149332430910931,2.4624531023489102
0 days 00:00:03.416256189,6.953879180908329,7.368156544441073,1.4973948872333305,1.7552015667913654,8.954077721,8.954077721,2.000198540091672,1.5859211765589283,2.5526339686768473
0 days 00:00:03.446289062,7.028748925269995,7.455916622780641,1.4973948872333305,1.7552015667913654,9.009198903,9.009198903,1.9804499777300046,1.553282280219359,2.5169163586289924
0 days 00:00:03.451110363,7.119344038710427,7.455214165033744,1.542745051361069,1.7548499300098128,9.034999131,9.034999131,1.9156550922895725,1.5797849659662555,2.483033421303059
0 days 00:00:03.484335899,7.1739400249037,7.488419407206634,1.569998323331511,1.7714253517373109,9.05623722,9.05623722,1.8822971950962994,1.5678178127933657,2.4497133352250766
0 days 00:00:03.484339714,7.2400959140938514,7.410825026308315,1.60302207775483,1.7326917210540262,9.06345272,9.06345272,1.8233568059061493,1.6526276936916862,2.4608552041111595
0 days 00:00:03.510807753,7.320247017981593,7.497459612361016,1.60302207775483,1.7326917210540262,9.139158565999999,9.139158565999999,1.8189115480184057,1.6416989536389828,2.450227473908095
0 days 00:00:03.510812520,7.278527443582287,7.493469871566667,1.5821964642459847,1.7307001187670918,9.1465861,9.1465861,1.8680586564177135,1.6531162284333334,2.494481190253156
0 days 00:00:03.550620317,7.380494903575376,7.489778889116049,1.6330029629459242,1.728861042898265,9.182005563333334,9.182005563333334,1.801510659757958,1.6922266742172853,2.471653651738861
0 days 00:00:03.550622225,7.462145051722672,7.576221941260962,1.6330029629459242,1.728861042898265,9.192871410666667,9.192871410666667,1.7307263589439952,1.6166494694057052,2.368326252118421
0 days 00:00:03.553968191,7.428779225560636,7.5396534087517235,1.6164064780914127,1.7106715009101856,9.219207763,9.219207763,1.7904285374393636,1.6795543542482765,2.454900644945046
0 days 00:00:03.560284376,7.452829626167873,7.506875255220056,1.6283693801183106,1.6943673301096387,9.251671314,9.251671314,1.7988416878321267,1.7447960587799436,2.506021688776208
0 days 00:00:03.586842060,7.534248095173788,7.591593621725537,1.6283693801183106,1.6943673301096387,9.289222955,9.289222955,1.7549748598262118,1.6976293332744623,2.441696564238875
0 days 00:00:03.620120287,7.476664919695655,7.51312586863794,1.599772389129589,1.6553986277183752,9.354055166,9.354055166,1.877390246304345,1.8409292973620603,2.629375365900551
0 days 00:00:03.638314486,7.556653539152134,7.595895800023858,1.599772389129589,1.6553986277183752,9.390058994,9.390058994,1.833405454847866,1.794163193976142,2.5652284749091225
0 days 00:00:03.646105051,7.493498880882131,7.529315519921291,1.5684770828561998,1.6224058079540804,9.41321516,9.41321516,1.9197162791178695,1.8838996400787087,2.6896818485090104
0 days 00:00:03.646107674,7.458384506482137,7.417538346666564,1.551076702083841,1.5670163724444304,9.420359134,9.420359134,1.9619746275178631,2.0028207873334356,2.8036824972166126
0 days 00:00:03.725438356,7.486040571630611,7.431657210025829,1.564781233987696,1.5740127550575906,9.444389501333333,9.444389501333333,1.958348929702722,2.012732291307504,2.808241764332222
0 days 00:00:03.933983326,7.564279633329996,7.510357847778708,1.564781233987696,1.5740127550575906,9.461275894666667,9.461275894666667,1.8969962613366702,1.950918046887959,2.721153439480845
0 days 00:00:03.954901457,7.640033323269892,7.4832516241692035,1.6023197939759837,1.560580688555897,9.9389653672,9.9389653672,2.298932043930108,2.4557137430307963,3.363869576888942
0 days 00:00:03.954921484,7.62042328987904,7.561546830220749,1.5926145720347156,1.59932985009593,9.9421297064,9.9421297064,2.3217064165209598,2.3805828761792505,3.3252812685354103
0 days 00:00:03.954932213,7.549939673571028,7.593333565085862,1.557731452467385,1.6150614559787675,9.9452940456,9.9452940456,2.395354372028973,2.3519604805141388,3.3569987592339996
0 days 00:00:03.954937458,7.627826246194398,7.6740866378848,1.557731452467385,1.6150614559787675,9.9484583848,9.9484583848,2.3206321386056024,2.2743717469152003,3.249323062715573
0 days 00:00:03.954946756,7.541034804488539,7.709331855797475,1.5147962794363088,1.6324970406384538,9.951622724,9.951622724,2.4105879195114612,2.2422908682025247,3.292233657460999
0 days 00:00:03.954950094,7.445473561750909,7.724565715181529,1.467522741730714,1.6400331337800118,9.9547870632,9.9547870632,2.509313501449091,2.2302213480184703,3.3571627171931984
0 days 00:00:03.954954624,7.518849698837444,7.80656737187053,1.467522741730714,1.6400331337800118,9.957951402399999,9.957951402399999,2.439101703562555,2.151384030529469,3.252333065222407
0 days 00:00:03.954962969,7.59222583592398,7.888569028559531,1.467522741730714,1.6400331337800118,9.9611157416,9.9611157416,2.3688899056760206,2.0725467130404693,3.1475529007386993
0 days 00:00:03.954965353,7.611827147455209,7.858855371652446,1.4772150400060688,1.6253405646049237,9.9642800808,9.9642800808,2.352452933344791,2.105424709147554,3.1570315186091467
0 days 00:00:03.959105968,7.606513611213616,7.845655999636734,1.4745926420714055,1.6188262576840615,10.039864460333334,10.039864460333334,2.4333508491197176,2.1942084606965997,3.276544997997768
0 days 00:00:03.959109545,7.680243243317187,7.926597312520937,1.4745926420714055,1.6188262576840615,10.050813992666667,10.050813992666667,2.37057074934948,2.1242166801457296,3.183064903812158
0 days 00:00:03.959210634,7.680095856093987,7.934222836715163,1.4745200255531,1.622583293098773,10.061763525,10.061763525,2.3816676689060126,2.127540688284837,3.19355135631474
0 days 00:00:03.962648153,7.753821857371642,8.015352001370102,1.4745200255531,1.622583293098773,10.072713057333333,10.072713057333333,2.3188911999616906,2.0573610559632307,3.099998534169639
0 days 00:00:03.992429495,7.8275478586492975,8.096481166025042,1.4745200255531,1.622583293098773,10.083662589666666,10.083662589666666,2.2561147310173686,1.9871814236416245,3.0064836087994773
0 days 00:00:04.007665157,7.886610295628984,8.041854507591008,1.5034545590127997,1.5958218359514036,10.113672495,10.113672495,2.227062199371016,2.0718179874089913,3.0417488083039843
0 days 00:00:04.063329220,7.961783023579624,8.121645599388579,1.5034545590127997,1.5958218359514036,10.241640248666666,10.241640248666666,2.279857225087042,2.1199946492780875,3.1132179942543874
0 days 00:00:04.063332558,7.949876948961812,8.087878077646955,1.4976218041855436,1.579279215334172,10.251822311333333,10.251822311333333,2.301945362371521,2.1639442336863777,3.1593681485145533
0 days 00:00:04.123681068,8.02475803917109,8.166842038413664,1.4976218041855436,1.579279215334172,10.346465945,10.346465945,2.3217079058289105,2.179623906586336,3.184507493184958
0 days 00:00:04.123683691,8.037590356027925,8.163153734645944,1.5038848017587094,1.5774790854118788,10.353996038,10.353996038,2.316405681972075,2.1908423033540565,3.188342089807526
0 days 00:00:04.136908531,8.11278459611586,8.242027688916538,1.5038848017587094,1.5774790854118788,10.361526131,10.361526131,2.2487415348841395,2.1194984420834615,3.0901637718262274
0 days 00:00:04.142460823,8.004563190935158,8.047652308229855,1.45149604425356,1.4833841633697686,10.385012944,10.385012944,2.380449753064841,2.3373606357701444,3.3361348546655423
0 days 00:00:04.146461725,7.889120758494211,8.007833949296971,1.3956116691721698,1.4641085464351642,10.400969664,10.400969664,2.511848905505789,2.3931357147030283,3.4693635544690045
0 days 00:00:04.200703144,7.982945275328618,7.917601371132818,1.441031055958621,1.4204279765089736,10.484442234000001,10.484442234000001,2.5014969586713836,2.566840862867183,3.584153881954139
0 days 00:00:04.200706005,8.054996828126548,7.988622769958267,1.441031055958621,1.4204279765089736,10.495280266,10.495280266,2.440283437873452,2.5066574960417327,3.498330324543651
0 days 00:00:04.204660892,7.951161641142089,8.014384742552389,1.390907405933058,1.432863877437906,10.539964912999999,10.539964912999999,2.58880327185791,2.5255801704476095,3.6166915237189357
0 days 00:00:04.235903502,8.020707011438741,8.086027936424284,1.390907405933058,1.432863877437906,10.580967426,10.580967426,2.5602604145612595,2.4949394895757173,3.574864535477356
0 days 00:00:04.269003868,8.027264775629206,8.067008768099587,1.3940631196237994,1.4237115126798023,10.672690152,10.672690152,2.6454253763707936,2.6056813839004125,3.713199549761866
0 days 00:00:04.269005537,8.060948567418935,8.004956483832741,1.4102723640887789,1.3938508410674568,10.677180766,10.677180766,2.6162321985810646,2.6722242821672584,3.739713027906905
0 days 00:00:04.291752100,7.9220082553422095,7.907105219355992,1.3434117951079751,1.3467630584029573,10.681671380000001,10.681671380000001,2.7596631246577914,2.7745661606440093,3.9133052451076242
0 days 00:00:04.305408001,7.989178845097609,7.97444337227614,1.3434117951079751,1.3467630584029573,10.693686802666667,10.693686802666667,2.7045079575690583,2.7192434303905273,3.835185540006689
0 days 00:00:04.305421829,7.886457628071996,8.019678670585956,1.2939805039723944,1.3685310948914642,10.701211611333333,10.701211611333333,2.814753983261337,2.6815329407473776,3.887603233175788
0 days 00:00:04.325540304,7.920415782043192,7.9780839534662915,1.3102916127273596,1.3485519183100068,10.764400243,10.764400243,2.8439844609568086,2.7863162895337092,3.9814326667023625
0 days 00:00:04.335767269,7.85707393958003,8.012048120495104,1.2798666466931967,1.3648659153149283,10.796593427000001,10.796593427000001,2.939519487419971,2.7845453065048975,4.049008197188568
0 days 00:00:04.364289761,7.921067271914691,8.08029141626085,1.2798666466931967,1.3648659153149283,10.842404365,10.842404365,2.9213370930853095,2.7621129487391496,4.020382861498219
0 days 00:00:04.392982483,7.93084009195144,8.050945834578764,1.2845574969469014,1.3507803464861885,10.872005939333333,10.872005939333333,2.9411658473818925,2.8210601047545687,4.0753940492231555
0 days 00:00:04.392987490,7.899786569463395,7.990804367256516,1.2696521345956346,1.3219130782682242,10.883179664666667,10.883179664666667,2.9833930952032715,2.892375297410151,4.1552941197435125
0 days 00:00:04.405515671,7.963269176193177,8.056900021169927,1.2696521345956346,1.3219130782682242,10.937062501,10.937062501,2.973793324806823,2.880162479830073,4.139901284920515
0 days 00:00:04.426663876,8.01527827994498,8.00804901085689,1.2946041731911826,1.298476175748631,10.976942379333334,10.976942379333334,2.9616640993883543,2.9688933684764436,4.193540517389719
0 days 00:00:04.426665545,7.949992244508858,7.96247624890488,1.2632823553085593,1.2766120551792992,10.982967534666667,10.982967534666667,3.0329752901578084,3.0204912857617865,4.280456367967174
0 days 00:00:04.433685064,8.013156362274286,8.026306851663845,1.2632823553085593,1.2766120551792992,11.000819204999999,11.000819204999999,2.9876628427257135,2.974512353336154,4.215904766708242
0 days 00:00:04.456826687,8.100023259409276,7.972520792841943,1.3049469582865714,1.250814255781859,11.027270555000001,11.027270555000001,2.9272472955907247,3.0547497621580586,4.230871404208349
0 days 00:00:04.474321365,8.017644401878666,8.01352410894701,1.2654349864538337,1.270480975126567,11.058316946000001,11.058316946000001,3.0406725441213354,3.0447928370529915,4.303074824023226
0 days 00:00:04.537253857,8.080916151201357,8.077048157703338,1.2654349864538337,1.270480975126567,11.177492737000001,11.177492737000001,3.096576585798644,3.1004445792966635,4.381956542573928
0 days 00:00:04.537256956,8.158797347173874,8.053964104980507,1.3027897120935106,1.2594090026774345,11.187167882,11.187167882,3.028370534826127,3.133203777019494,4.357521543782923
0 days 00:00:04.537271261,8.223936832778548,8.116934555114378,1.3027897120935106,1.2594090026774345,11.196843027,11.196843027,2.9729061942214514,3.079908471885622,4.280655024039323
0 days 00:00:04.587804794,8.249095913203815,8.08320011985717,1.314847778635301,1.2432410005801624,11.298517942,11.298517942,3.049422028796185,3.215317822142831,4.431392942077779
0 days 00:00:04.596515894,8.31483830213558,8.145362169886177,1.314847778635301,1.2432410005801624,11.322607993333333,11.322607993333333,3.007769691197753,3.177245823447157,4.3751079458569055
0 days 00:00:04.596517563,8.316546521720793,8.077273793063942,1.3156664820647714,1.2106080837736928,11.330353736666666,11.330353736666666,3.0138072149458726,3.2530799436027245,4.434587133920147
0 days 00:00:04.639125586,8.378112220490683,8.10146017513596,1.3451375853860137,1.2221859490339522,11.353621483000001,11.353621483000001,2.975509262509318,3.252161307864041,4.407971023458151
0 days 00:00:04.672189236,8.445369099759985,8.162569472587657,1.3451375853860137,1.2221859490339522,11.420063654666667,11.420063654666667,2.974694554906682,3.257494182079009,4.411357618836865
0 days 00:00:04.672192335,8.43145928728822,8.082799409339572,1.3384790477794366,1.184000533731297,11.427363713333333,11.427363713333333,2.9959044260451133,3.344564303993762,4.490161880550185
0 days 00:00:04.673458099,8.447159257648995,8.080786434965871,1.3459878321936125,1.183037793658798,11.46378827,11.46378827,3.0166290123510056,3.383001835034129,4.532631908064242
0 days 00:00:04.695758343,8.514458649258675,8.139938324648812,1.3459878321936125,1.183037793658798,11.517983198,11.517983198,3.003524548741325,3.378044873351188,4.520215357841485
0 days 00:00:04.725046158,8.491274753480827,8.106413335757319,1.3349064245817512,1.167013564139757,11.579155206,11.579155206,3.0878804525191725,3.4727418702426807,4.647035806445507
0 days 00:00:04.766567230,8.558020074709914,8.164764013964307,1.3349064245817512,1.167013564139757,11.589815616,11.589815616,3.0317955412900854,3.4250516020356923,4.57414064943282
0 days 00:00:04.766578436,8.514603245781949,8.153096692907958,1.3141773989599663,1.1614430928942432,11.600476026,11.600476026,3.085872780218052,3.4473793330920426,4.6267737227922465
0 days 00:00:04.766672373,8.600060196112054,8.132089193713867,1.3549781519558013,1.1514132266005437,11.648435353,11.648435353,3.0483751568879462,3.516346159286133,4.653738433674367
0 days 00:00:04.773978233,8.71164195497897,8.22061437909205,1.4082519905936646,1.1936788844384798,11.677268663333333,11.677268663333333,2.965626708354362,3.4566542842412833,4.554492355254134
0 days 00:00:04.775722742,8.782054554508655,8.280298323313973,1.4082519905936646,1.1936788844384798,11.686446030666668,11.686446030666668,2.904391476158013,3.4061477073526945,4.476307859283512
0 days 00:00:04.805090427,8.833090209065135,8.25086070447733,1.432618158602918,1.1796243578021606,11.722548008,11.722548008,2.889457798934865,3.471687303522671,4.516810722762913
0 days 00:00:04.822851658,8.865653228757187,8.359372690683339,1.4481648585639633,1.231431693475446,11.7577850815,11.7577850815,2.8921318527428124,3.3984123908166612,4.462469432019203
0 days 00:00:04.825885296,8.87398003992271,8.41072156893183,1.452140363171549,1.255947405194295,11.766097545000001,11.766097545000001,2.892117505077291,3.3553759760681707,4.429773312930349
0 days 00:00:04.830097437,8.946587058081288,8.473518939191544,1.452140363171549,1.255947405194295,11.7744100085,11.7744100085,2.827822950418712,3.300891069308456,4.346546271507426
0 days 00:00:04.841596365,8.97882712194938,8.522673257003627,1.4675328729701564,1.2794153586593362,11.793270825499999,11.793270825499999,2.8144437035506193,3.270597568496372,4.314846673464784
0 days 00:00:04.844107151,8.904142137954961,8.394574460007778,1.4318417901641565,1.218198437580936,11.803819179,11.803819179,2.899677041045038,3.4092447189922215,4.475609064288352
0 days 00:00:04.855046749,8.929931733530111,8.283438684746647,1.4441663371075515,1.165087946751206,11.8143675325,11.8143675325,2.884435798969889,3.530928847753353,4.559323239942073
0 days 00:00:04.858473301,9.002008261813181,8.293317422558763,1.4786108693513065,1.1698088803366953,11.833342234,11.833342234,2.831333972186819,3.5400248114412367,4.533015301946239
0 days 00:00:04.862167597,9.089844738870124,8.351854052963878,1.5205868973070873,1.197782853299311,11.841768582,11.841768582,2.7519238431298767,3.489914529036122,4.444388400934838
0 days 00:00:04.872515440,9.11015724504918,8.331327521936524,1.5302940071069393,1.1879734635206105,11.863519032000001,11.863519032000001,2.753361786950821,3.532191510063477,4.4785464152563526
0 days 00:00:04.875670433,9.166201409155544,8.395238249390689,1.5570768594948146,1.2185156547853069,11.876843134,11.876843134,2.7106417248444554,3.481604884609311,4.412386104252793
0 days 00:00:04.885868788,9.244055252130284,8.456164032129953,1.5570768594948146,1.2185156547853069,11.900697230999999,11.900697230999999,2.6566419788697146,3.4445331988700456,4.350006386433323
0 days 00:00:04.895191193,9.214228938015657,8.425766302788853,1.5427538056799013,1.2039181986085068,11.920557855999999,11.920557855999999,2.706328917984342,3.4947915532111455,4.42015658237514
0 days 00:00:04.900244951,9.237343347067542,8.53146640033581,1.5538536996687364,1.254677007745575,11.929888486,11.929888486,2.6925451389324575,3.3984220856641887,4.335789662508889
0 days 00:00:04.906717539,9.247872865131503,8.525030958442446,1.5589101358510824,1.2515866097766146,11.939219116,11.939219116,2.691346250868497,3.414188157557554,4.34741594711964
0 days 00:00:04.926676750,9.18167693321503,8.462392810234444,1.527121833363415,1.2215068096309534,11.966325996999998,11.966325996999998,2.7846490637849683,3.503933186765554,4.475691922569684
0 days 00:00:04.934254646,9.153760541362882,8.50434984241659,1.5137159535326106,1.241655220445288,11.991104602,11.991104602,2.8373440606371183,3.4867547595834107,4.495328694535061
0 days 00:00:04.944495201,9.229446339039512,8.566432603438853,1.5137159535326106,1.241655220445288,11.998106955999999,11.998106955999999,2.768660616960487,3.4316743525611457,4.409293647959272
0 days 00:00:04.961148024,9.203094041133989,8.621022209459628,1.5009772162497783,1.2680439115554547,12.031342745,12.031342745,2.828248703866011,3.4103205355403716,4.430493977656232
0 days 00:00:04.969099998,9.191274468389976,8.746981090497702,1.4952636184253651,1.3289326089941398,12.064462185333333,12.064462185333333,2.8731877169433577,3.3174810948356317,4.388722874753657
0 days 00:00:04.974205494,9.20792461014334,8.826845220194073,1.5033123199950886,1.3675390398326,12.071348190666667,12.071348190666667,2.8634235805233264,3.2445029704725936,4.3273541716506765
0 days 00:00:04.988035202,9.283090226143097,8.895222172185703,1.5033123199950886,1.3675390398326,12.096554518000001,12.096554518000001,2.8134642918569046,3.201332345814299,4.261937365789267
0 days 00:00:05.029788971,9.35825584214285,8.963599124177332,1.5033123199950886,1.3675390398326,12.183505773,12.183505773,2.825249930857151,3.2199066488226684,4.283670855579448
0 days 00:00:05.055660963,9.387766019411435,8.95850026367952,1.517730513694471,1.3650478193416329,12.208662668666667,12.208662668666667,2.820896649255232,3.2501624049871474,4.303604717509641
0 days 00:00:05.064110041,9.3306322998541,9.068836981410003,1.4898159055290785,1.418956548994899,12.222243149333334,12.222243149333334,2.8916108494792336,3.1534061679233307,4.2784791415551995
0 days 00:00:05.074017763,9.329587956271473,9.043941734176542,1.4893056562030234,1.406793135216013,12.260892152,12.260892152,2.9313041957285275,3.2169504178234583,4.352162023480996
0 days 00:00:05.078653336,9.40405323908162,9.114281390937345,1.4893056562030234,1.406793135216013,12.301051378,12.301051378,2.8969981389183808,3.1867699870626556,4.306750650704064
0 days 00:00:05.097861290,9.379605858400192,8.998025533877332,1.4773092539200825,1.3497460410011508,12.3246929645,12.3246929645,2.945087106099809,3.3266674306226687,4.4430005915463235
0 days 00:00:05.103182554,9.32768503738145,8.971624441114349,1.451831552896896,1.3367909463993557,12.333243847,12.333243847,3.0055588096185506,3.3616194058856514,4.50930912536529
0 days 00:00:05.107217550,9.28603795149156,8.899204952561373,1.4313952042034397,1.3012544883580106,12.3417947295,12.3417947295,3.0557567780084405,3.442589776938627,4.603159117239689
0 days 00:00:05.112867355,9.275719471189664,8.891899668450678,1.4263318952844526,1.297669763756015,12.355048656000001,12.355048656000001,3.0793291848103372,3.4631489875493227,4.634184840766345
0 days 00:00:05.143887758,9.347036065953889,8.95678315663848,1.4263318952844526,1.297669763756015,12.401843786,12.401843786,3.054807720046112,3.445060629361521,4.6043775851281055
0 days 00:00:05.163499355,9.364438748579762,8.996901243562263,1.4349157513478463,1.3174579706144482,12.440956354,12.440956354,3.076517605420239,3.4440551104377377,4.618059785255381
0 days 00:00:05.177281141,9.327638578377536,8.992827271961547,1.41676410364414,1.3154484881352986,12.489388704,12.489388704,3.161750125622463,3.496561432038453,4.71408588221433
0 days 00:00:05.200639725,9.398476783559744,9.058599696368312,1.41676410364414,1.3154484881352986,12.523573874666667,12.523573874666667,3.125097091106923,3.4649741782983554,4.666077355243837
0 days 00:00:05.202335358,9.377345185705424,9.06215907598644,1.4063409638173354,1.317204148625916,12.534069537333332,12.534069537333332,3.1567243516279078,3.4719104613468925,4.692448282482251
0 days 00:00:05.209203959,9.42451763907179,9.123285326714653,1.429711124793692,1.3474872951967476,12.550053914,12.550053914,3.1255362749282085,3.4267685872853466,4.638072870999086
0 days 00:00:05.217192173,9.464991578528725,9.169244934731331,1.4497627102626436,1.3702565887380045,12.555542628,12.555542628,3.0905510494712747,3.386297693268668,4.584595713563488
0 days 00:00:05.242741823,9.537479714041856,9.237757764168231,1.4497627102626436,1.3702565887380045,12.585853577,12.585853577,3.048373862958144,3.348095812831769,4.527949732524421
0 days 00:00:05.290334940,9.60996784955499,9.30627059360513,1.4497627102626436,1.3702565887380045,12.691517828666667,12.691517828666667,3.081549979111678,3.385247235061536,4.577755903961564
0 days 00:00:05.295845747,9.641031460828671,9.32886541108466,1.4652543229724098,1.38152476224677,12.709053515333332,12.709053515333332,3.0680220545046613,3.3801881042486723,4.564913027323876
0 days 00:00:05.305556297,9.663024564672018,9.305178209481358,1.4762224182149422,1.3697118101021046,12.734835623999999,12.734835623999999,3.071811059327981,3.4296574145186405,4.60419082632034
0 days 00:00:05.329979897,9.736835685582763,9.373663799986463,1.4762224182149422,1.3697118101021046,12.784550030666667,12.784550030666667,3.0477143450839037,3.4108862306802035,4.574134629399753
0 days 00:00:05.334110022,9.706943486870337,9.502107007065684,1.4612884186704342,1.4338814221962006,12.790804067333333,12.790804067333333,3.0838605804629964,3.2886970602676495,4.508405974837077
0 days 00:00:05.346490860,9.657887853447257,9.4998248861021,1.4367804587761626,1.4327412854749595,12.806974409999999,12.806974409999999,3.149086556552742,3.3071495238978983,4.5666162652536615
0 days 00:00:05.362935305,9.644799300471265,9.40180676342803,1.4302414802934442,1.3837719000694155,12.8306004995,12.8306004995,3.1858011990287345,3.4287937360719685,4.680379873926825
0 days 00:00:05.368388176,9.676358088469993,9.403222986518111,1.4460080998764424,1.3844794383534222,12.844310282999999,12.844310282999999,3.167952194530006,3.4410872964818875,4.677285846389603
0 days 00:00:05.372246504,9.696286672363671,9.455542651874214,1.455964325099419,1.4106180929941718,12.8580200665,12.8580200665,3.161733394136329,3.4024774146257855,4.644718571951954
0 days 00:00:05.392857075,9.769084888618645,9.526073556523922,1.455964325099419,1.4106180929941718,12.900490045,12.900490045,3.131405156381355,3.3744164884760774,4.60351875103284
0 days 00:00:05.399935007,9.748868054835498,9.64938193814884,1.4458284340776557,1.472439856561429,12.934080282666667,12.934080282666667,3.185212227831169,3.2846983445178264,4.575458463455148
0 days 00:00:05.405233622,9.679769821341688,9.592805022357632,1.4111854147007288,1.4440745121678265,12.938910325333334,12.938910325333334,3.2591405039916452,3.346105302975701,4.671018895633052
0 days 00:00:05.472023249,9.703480272409973,9.568586780733323,1.4230728620964397,1.4319324794204742,13.050436575666666,13.050436575666666,3.346956303256693,3.4818497949333427,4.829637097172734
0 days 00:00:05.472026348,9.774633915514793,9.640183404704349,1.4230728620964397,1.4319324794204742,13.055713335333333,13.055713335333333,3.281079419818541,3.415529930628985,4.736172174465284
0 days 00:00:05.472029209,9.764591659512323,9.66821102420436,1.418020170431968,1.4460343823582111,13.060990095000001,13.060990095000001,3.296398435487678,3.3927790707956405,4.730453727573555
0 days 00:00:05.486082315,9.74555821414201,9.626127037722554,1.4084436240120062,1.4248601155747205,13.066266854666667,13.066266854666667,3.320708640524657,3.4401398169441126,4.781387647470072
0 days 00:00:05.486102343,9.81598039534261,9.69737004350129,1.4084436240120062,1.4248601155747205,13.071543614333333,13.071543614333333,3.255563218990723,3.374173570832042,4.688682027920713
0 days 00:00:05.499588966,9.763927728797714,9.67342299496653,1.3821791219835562,1.412777020767768,13.122207164999999,13.122207164999999,3.3582794362022845,3.44878417003347,4.8137462566168345
0 days 00:00:05.509278059,9.812036006678364,9.546934346275508,1.4064533819946492,1.348953943284201,13.127794265999999,13.127794265999999,3.315758259321635,3.5808599197244906,4.8802469813472475
0 days 00:00:05.509283304,9.83407871629544,9.522820813071268,1.4175755939749106,1.3367868443862103,13.133381367,13.133381367,3.2993026507045595,3.6105605539287318,4.890965701631149
0 days 00:00:05.511750460,9.80974570453712,9.634116588458344,1.4052977515682514,1.392943969706401,13.149072851714285,13.149072851714285,3.3393271471771655,3.5149562632559412,4.848301076508817
0 days 00:00:05.527672052,9.733649828600932,9.648689352284766,1.3669016343172962,1.400297029798895,13.159177235428572,13.159177235428572,3.4255274068276407,3.5104878831438064,4.904871373708671
0 days 00:00:05.532453537,9.709546884484432,9.658053149052348,1.3547398784139095,1.405021772555042,13.169281619142858,13.169281619142858,3.4597347346584257,3.5112284700905096,4.929349835767
0 days 00:00:05.537796497,9.810197529653491,9.655324213331642,1.4055257314677094,1.4036448183559684,13.179386002857143,13.179386002857143,3.3691884732036517,3.5240617895255006,4.875494073872106
0 days 00:00:05.537838221,9.880473816226877,9.72550645424944,1.4055257314677094,1.4036448183559684,13.189490386571428,13.189490386571428,3.3090165703445518,3.463983932321989,4.790488007103215
0 days 00:00:05.552416801,9.829887268156147,9.749389458452358,1.3798556601595413,1.4157642146050455,13.199594770285715,13.199594770285715,3.369707502129568,3.4502053118333578,4.82274251269041
0 days 00:00:05.553306341,9.9685875779221,9.754908518526715,1.450238933538443,1.4185648537288051,13.217633962,13.217633962,3.2490463840779,3.4627254434732855,4.748343911593487
0 days 00:00:05.555557251,9.98318484397131,9.868857978604076,1.457646295271519,1.4763883439108862,13.233334619666667,13.233334619666667,3.2501497756953572,3.3644766410625913,4.677945770603631
0 days 00:00:05.598073721,10.006710272575598,9.852034132660055,1.4695842402956176,1.467851107401749,13.241100469333334,13.241100469333334,3.2343901967577366,3.389066336673279,4.684767932273123
0 days 00:00:05.598083019,10.084645882927497,9.803119940749932,1.5091325540564544,1.4430296708301384,13.248866319000001,13.248866319000001,3.1642204360725046,3.4457463782500692,4.678189721599835
0 days 00:00:05.598091602,10.077070975010376,9.871532912978196,1.5052886778917198,1.477745735524805,13.256632168666666,13.256632168666666,3.1795611936562906,3.38509925568847,4.644190602792659
0 days 00:00:05.598095417,10.152335408904962,9.945420199754436,1.5052886778917198,1.477745735524805,13.264398018333333,13.264398018333333,3.1120626094283708,3.3189778185788974,4.54978542848131
0 days 00:00:05.613799810,10.087136417219345,9.99348316050276,1.4719618117577622,1.502313413911376,13.351255654,13.351255654,3.2641192367806546,3.3577724934972384,4.682852817461615
0 days 00:00:05.638333559,10.16073450780723,10.068598831198328,1.4719618117577622,1.502313413911376,13.377858161,13.377858161,3.21712365319277,3.309259329801673,4.615309514194234
0 days 00:00:05.652869701,10.14068741065561,10.031536452435866,1.4616616530612565,1.4832708373210537,13.408093452,13.408093452,3.2674060413443886,3.3765569995641336,4.698625268131026
0 days 00:00:05.729568958,10.09808203855963,10.05896087459386,1.439771097506343,1.49736145095209,13.4936206335,13.4936206335,3.395538594940371,3.4346597589061414,4.829758794099227
0 days 00:00:05.729572535,10.060028201667778,10.040678140591853,1.4202191116984957,1.4879678185372605,13.505163669,13.505163669,3.4451354673322214,3.4644855284081473,4.8858590201539664
0 days 00:00:05.731423140,10.131039157252705,10.115076531518715,1.4202191116984957,1.4879678185372605,13.516706704499999,13.516706704499999,3.3856675472472944,3.4016301729812835,4.799357516816203
0 days 00:00:05.740889311,10.202050112837629,10.189474922445578,1.4202191116984957,1.4879678185372605,13.612736344,13.612736344,3.410686231162371,3.4232614215544217,4.832338908617997
0 days 00:00:05.755676270,10.188905790342243,10.171243677108038,1.4134339422037097,1.4785567522948055,13.62133193,13.62133193,3.432426139657757,3.4500882528919625,4.866688623381299
0 days 00:00:05.755680084,10.231043529212103,10.27645643002368,1.435234642701934,1.5329904209354448,13.629927516,13.629927516,3.3988839867878973,3.35347108597632,4.774744043414515
0 days 00:00:05.794100285,10.3028052613472,10.353105951070452,1.435234642701934,1.5329904209354448,13.698888063,13.698888063,3.396082801652801,3.345782111929548,4.76735108170037
0 days 00:00:05.812360525,10.339398902796264,10.274552754809651,1.4541954365282106,1.4922885148196203,13.733213583333333,13.733213583333333,3.3938146805370693,3.4586608285236817,4.845648853620436
0 days 00:00:05.840074778,10.412108674622676,10.349167180550634,1.4541954365282106,1.4922885148196203,13.748612244666667,13.748612244666667,3.336503570043991,3.3994450641160334,4.763242888711341
0 days 00:00:05.843630552,10.467581972930493,10.413782066137353,1.4829444898069943,1.5257751984133612,13.786070823,13.786070823,3.3184888500695067,3.3722887568626465,4.731247161975143
0 days 00:00:05.883322239,10.52019700972838,10.426151731774588,1.510212248211663,1.532185781293658,13.900169690666667,13.900169690666667,3.3799726809382875,3.4740179588920785,4.8469594698732354
0 days 00:00:05.903661728,10.595707622138963,10.502761020839271,1.510212248211663,1.532185781293658,13.908471743333333,13.908471743333333,3.3127641211943697,3.405710722494062,4.751133722384977
0 days 00:00:05.955823898,10.67121823454955,10.579370309903954,1.510212248211663,1.532185781293658,14.03191781,14.03191781,3.3606995754504503,3.4525475000960455,4.81813095264671
0 days 00:00:06.005468130,10.676005911446277,10.64713726158597,1.5126880582281723,1.567229519912973,14.135846614,14.135846614,3.4598407025537234,3.4887093524140305,4.91340926777615
0 days 00:00:06.005471945,10.751640314357685,10.72549873758162,1.5126880582281723,1.567229519912973,14.146959304,14.146959304,3.3953189896423144,3.4214605664183786,4.820226493535515
