Time,x,y,v_x,v_y
1681922059.298007,0.0,0.0,0.0,0.0
1681922059.4977572,0.09913581310390863,2.572910942875674,0.04812206089570654,1.24893086762216
1681922059.4978118,0.7111060516875207,4.211082556196505,0.35158599487144804,2.0333860228871976
1681922059.5850394,0.763843950918238,4.516090459629583,0.35158599487144804,2.0333860228871976
1681922059.629127,-0.09911821209522523,4.24911442891296,-0.1541977914425634,1.8216358218554023
1681922059.672615,-0.1068281016673534,4.34019622000573,-0.1541977914425634,1.8216358218554023
1681922059.711742,0.5030144787032916,4.338902423279752,0.2295818269394561,1.764228768096587
1681922059.7513466,0.5144935700502644,4.427113861684581,0.2295818269394561,1.764228768096587
1681922059.8511367,0.5259726613972372,4.51532530008941,0.2295818269394561,1.764228768096587
1681922059.8511398,0.1576837712570695,4.417381900559062,-0.016794357715989,1.6434599804120074
1681922059.9655252,0.15684405337127005,4.499554899579662,-0.016794357715989,1.6434599804120074
1681922059.9771812,0.1560043354854706,4.5817278986002625,-0.016794357715989,1.6434599804120074
1681922060.0527854,0.4082629212997193,4.706497239716725,0.15233762871032097,1.6719248252878778
1681922060.3489616,0.41587980273523534,4.7900934809811195,0.15233762871032097,1.6719248252878778
1681922060.3489726,0.42349668417075137,4.873689722245514,0.15233762871032097,1.6719248252878778
1681922060.348975,0.48937655659828444,4.872697314549325,0.19144779125606992,1.6151430543206617
1681922060.3489773,0.4989489461610879,4.953454467265358,0.19144779125606992,1.6151430543206617
1681922060.3489792,0.5085213357238915,5.034211619981391,0.19144779125606992,1.6151430543206617
1681922060.3489816,1.2471266247472572,4.196435165698603,0.6704845341967662,1.0115881973260537
1681922060.3575249,1.2806508514570956,4.247014575564906,0.6704845341967662,1.0115881973260537
1681922060.4031985,1.314175078166934,4.297593985431209,0.6704845341967662,1.0115881973260537
1681922060.448842,1.3476993048767723,4.348173395297511,0.6704845341967662,1.0115881973260537
1681922060.5062644,1.3812235315866106,4.398752805163814,0.6704845341967662,1.0115881973260537
1681922060.5960166,1.5953432653502029,4.967888523656185,0.7829057222457552,1.334390891795573
1681922060.620062,0.9144541468267331,4.254651510631313,0.339929972431067,0.8545501526478214
1681922060.6553996,0.8633307007876964,4.430125730383203,0.2984147100945566,0.9354517829325937
1681922060.909367,0.8782514362924242,4.476898319529833,0.2984147100945566,0.9354517829325937
1681922060.9093704,0.7411825622756765,4.723212333373795,0.20648346565188652,1.056144845754741
1681922060.9093735,0.6333448117585992,4.161773440846208,0.13627484577140914,0.691176402405637
1681922060.9093761,0.6401585540471697,4.196332260966489,0.13627484577140914,0.691176402405637
1681922060.9704437,0.6469722963357402,4.230891081086771,0.13627484577140914,0.691176402405637
1681922060.9705222,0.6537860386243106,4.265449901207052,0.13627484577140914,0.691176402405637
1681922061.0333068,0.6605997809128811,4.300008721327334,0.13627484577140914,0.691176402405637
1681922061.0614984,0.5132942304844574,4.6673243840600565,0.08494593962846389,0.9706090057969798
1681922061.1115358,0.5175415274658807,4.715854834349906,0.08494593962846389,0.9706090057969798
1681922061.1932201,0.5217888244473039,4.764385284639755,0.08494593962846389,0.9706090057969798
1681922061.2034216,0.6527666547167312,4.8062906410467665,0.15768177849391343,1.0279335517970922
1681922061.2699497,0.4746196438232565,4.8688050380220265,0.07522228451888092,1.0328615531666105
1681922061.2967286,0.47838075804920055,4.920448115680357,0.07522228451888092,1.0328615531666105
1681922061.3610306,0.4821418722751446,4.972091193338688,0.07522228451888092,1.0328615531666105
1681922061.4038577,0.6490354557063939,4.855598176777611,0.14951889580903402,0.9562861044106518
1681922061.4622607,0.6565114004968455,4.903412481998143,0.14951889580903402,0.9562861044106518
1681922061.5281978,0.7329493749722131,5.003911912560704,0.1811994812744949,0.9804892147857766
1681922061.5814118,0.7420093490359378,5.052936373299993,0.1811994812744949,0.9804892147857766
1681922061.5981243,0.7510693230996626,5.101960834039281,0.1811994812744949,0.9804892147857766
1681922061.7826214,0.872457074416557,4.9802038268332565,0.22769571027405444,0.8815218069400685
1681922061.7826235,0.8838418599302597,5.02427991718026,0.22769571027405444,0.8815218069400685
1681922061.8623502,0.8952266454439624,5.068356007527263,0.22769571027405444,0.8815218069400685
1681922061.8623593,0.8960164326608473,4.864488175170738,0.22287367562188265,0.7686766555226381
1681922061.93197,0.9071601164419414,4.90292200794687,0.22287367562188265,0.7686766555226381
1681922061.9548285,0.9183038002230355,4.941355840723002,0.22287367562188265,0.7686766555226381
1681922062.0122015,0.6420749766221421,4.922299401142059,0.09418618080180924,0.7429320942437764
1681922062.0684733,0.6467842856622326,4.9594460058542476,0.09418618080180924,0.7429320942437764
1681922062.126701,0.8626572206097941,5.211013965027168,0.20367032467786952,0.853742629483457
1681922062.2053514,0.8851746139322015,5.092587441841593,0.20874186916598717,0.7874945988450566
1681922062.2070658,0.8956117073905009,5.1319621717838455,0.20874186916598717,0.7874945988450566
1681922062.2463908,0.8831202533981718,5.153753498812924,0.19285981779609812,0.7899952321565277
1681922062.2947593,0.8927632442879767,5.193253260420751,0.19285981779609812,0.7899952321565277
1681922062.3523889,0.9024062351777816,5.232753022028578,0.19285981779609812,0.7899952321565277
1681922062.4092011,1.0498252830861574,5.135201403267403,0.24686291777724706,0.7362761785213665
1681922062.5154486,1.0621684289750197,5.172015212193471,0.24686291777724706,0.7362761785213665
1681922062.5155587,1.074511574863882,5.208829021119539,0.24686291777724706,0.7362761785213665
1681922062.610229,0.8537501450716658,5.07767295443533,0.15470787705302952,0.6698713442014912
1681922062.6102326,0.8614855389243172,5.111166521645404,0.15470787705302952,0.6698713442014912
1681922062.6447887,0.8692209327769687,5.1446600888554785,0.15470787705302952,0.6698713442014912
1681922062.6991787,0.908031079504152,4.903031535572135,0.1670165759344001,0.5608955672924799
1681922062.7479901,0.916381908300872,4.931076313936758,0.1670165759344001,0.5608955672924799
1681922062.8311281,0.924732737097592,4.959121092301382,0.1670165759344001,0.5608955672924799
1681922062.857027,0.933083565894312,4.987165870666006,0.1670165759344001,0.5608955672924799
1681922062.8973372,0.941434394691032,5.01521064903063,0.1670165759344001,0.5608955672924799
1681922062.9467103,0.949785223487752,5.043255427395254,0.1670165759344001,0.5608955672924799
1681922063.0015638,0.9792133031026866,4.822375367684302,0.17525766075060958,0.46356737581557106
1681922063.0506122,0.9879761861402171,4.845553736475081,0.17525766075060958,0.46356737581557106
1681922063.1009276,0.9967390691777476,4.86873210526586,0.17525766075060958,0.46356737581557106
1681922063.1598198,1.0753917438732592,4.859556910230723,0.20227219654048118,0.4510617367634152
1681922063.2305942,1.0991983927747238,4.995023030490828,0.20798291873044086,0.497321952191063
1681922063.2467682,1.1340865777374154,5.007192683722068,0.2165417546182759,0.494926059449565
1681922063.3495889,1.3024754375323981,5.1226271653694395,0.2712725220385526,0.5264275686659367
1681922063.381191,1.3160390636343258,5.148948543802736,0.2712725220385526,0.5264275686659367
1681922063.4156601,1.2012582481250456,5.126473387365121,0.2259123918945476,0.5091816549003362
1681922063.4814847,1.212553867719773,5.151932470110138,0.2259123918945476,0.5091816549003362
1681922063.5107908,1.2595011892804384,5.114285722850923,0.23750864948230824,0.5007596275357036
1681922063.5887475,1.271376621754554,5.139323704227708,0.23750864948230824,0.5007596275357036
1681922063.6741738,1.2832520542286694,5.164361685604494,0.23750864948230824,0.5007596275357036
1681922063.6968508,1.3225213007251861,4.963722346335791,0.2471104990261784,0.4216571091156793
1681922063.6968596,1.3348768256764951,4.984805201791575,0.2471104990261784,0.4216571091156793
1681922063.9514804,1.347232350627804,5.005888057247359,0.2471104990261784,0.4216571091156793
1681922063.9514823,1.359587875579113,5.026970912703144,0.2471104990261784,0.4216571091156793
1681922063.951484,1.371943400530422,5.048053768158928,0.2471104990261784,0.4216571091156793
1681922063.9514859,1.384298925481731,5.069136623614712,0.2471104990261784,0.4216571091156793
1681922064.0028484,1.524590868801113,4.853660472348489,0.29352326126689166,0.3358382541333534
1681922064.0285034,1.5392670318644575,4.870452385055157,0.29352326126689166,0.3358382541333534
1681922064.0527363,1.553943194927802,4.887244297761825,0.29352326126689166,0.3358382541333534
1681922064.1122024,1.5686193579911465,4.904036210468493,0.29352326126689166,0.3358382541333534
1681922064.1668875,1.583295521054491,4.920828123175161,0.29352326126689166,0.3358382541333534
1681922064.2272897,1.7948470964528844,4.843970385784341,0.3658598291830719,0.30142921242389564
1681922064.2854462,1.8329178509211288,4.89226850573055,0.3723636318005731,0.31428050707662436
1681922064.4530776,1.8515360325111574,4.907982531084381,0.3723636318005731,0.31428050707662436
1681922064.453082,1.848105226191142,4.799691534551164,0.3648841379043843,0.27221531986327246
1681922064.4530861,1.866349433086361,4.813302300544328,0.3648841379043843,0.27221531986327246
1681922064.5512612,1.8258495024498522,4.789725033181364,0.3478002762905822,0.2808112282570754
1681922064.551265,1.8432395162643813,4.803765594594218,0.3478002762905822,0.2808112282570754
1681922064.5863569,1.874717709312719,4.835566190366409,0.35166506542064147,0.2939082966777232
1681922064.6754546,1.9785007104996164,4.805688572572105,0.38000222789372373,0.2792554316979345
1681922064.675461,1.9975008218943027,4.819651344157002,0.38000222789372373,0.2792554316979345
1681922064.7400618,2.016500933288989,4.833614115741899,0.38000222789372373,0.2792554316979345
1681922064.7871876,2.035501044683675,4.847576887326795,0.38000222789372373,0.2792554316979345
1681922064.8817334,2.054501156078361,4.861539658911692,0.38000222789372373,0.2792554316979345
1681922064.9142482,2.147801044559663,4.798538230503067,0.40614268496499856,0.2521775662608648
1681922064.9142601,2.168108178807913,4.81114710881611,0.40614268496499856,0.2521775662608648
1681922065.0897565,2.130008291340661,4.716260745174489,0.38521820605587814,0.21366709513861998
1681922065.0897639,2.149269201643455,4.72694409993142,0.38521820605587814,0.21366709513861998
1681922065.0897665,2.158319022361996,4.737020455489556,0.3830535883507602,0.23294242779626537
1681922065.1472285,2.1774717017795338,4.7486675768793685,0.3830535883507602,0.23294242779626537
1681922065.1472793,2.149861633039797,4.6774252594220584,0.36654237367704834,0.20367542846625578
1681922065.2280314,2.1681887517236493,4.687609030845371,0.36654237367704834,0.20367542846625578
1681922065.3367507,2.1865158704075016,4.697792802268683,0.36654237367704834,0.20367542846625578
1681922065.3868637,2.268195508133914,4.690142000220564,0.3845255349414024,0.1959542452867916
1681922065.3868663,2.26298149390851,4.726682019896881,0.38174474991217183,0.21201197468862143
1681922065.3968608,2.282068731404119,4.737282618631312,0.38174474991217183,0.21201197468862143
1681922065.4577084,2.3011559688997276,4.747883217365743,0.38174474991217183,0.21201197468862143
1681922065.5738842,2.3099552558617527,4.790941664945785,0.3742980941959329,0.23033170126319194
1681922065.6159143,2.359600333367895,4.780846990316271,0.3809960999158112,0.22482682716343558
1681922065.7097752,2.3786501383636853,4.792088331674443,0.3809960999158112,0.22482682716343558
1681922065.709777,2.42815895124494,4.725398929797866,0.3913587410718281,0.19831354313921126
1681922065.7510054,2.4477268882985315,4.735314606954826,0.3913587410718281,0.19831354313921126
1681922065.809863,2.467294825352123,4.745230284111786,0.3913587410718281,0.19831354313921126
1681922065.8656616,2.4868627624057145,4.755145961268746,0.3913587410718281,0.19831354313921126
1681922065.9018729,2.506430699459306,4.765061638425706,0.3913587410718281,0.19831354313921126
1681922065.9535546,2.5259986365128975,4.7749773155826665,0.3913587410718281,0.19831354313921126
1681922066.0064454,2.523078549516087,4.671485515507445,0.3831196342853257,0.15676359134222048
1681922066.072122,2.5386991895801523,4.695060103830973,0.3822988085991689,0.17232563603432813
1681922066.1126072,2.5578141300101107,4.703676385632689,0.3822988085991689,0.17232563603432813
1681922066.1657898,2.5763404067044435,4.7540497870633,0.38208707221328886,0.1873452492020895
1681922066.2160153,2.595444760315108,4.7634170495234045,0.38208707221328886,0.1873452492020895
1681922066.2441125,2.614549113925772,4.772784311983509,0.38208707221328886,0.1873452492020895
1681922066.3185422,2.6113069545137977,4.804175342390981,0.3742034901211929,0.19573070161377584
1681922066.3877857,2.5222557385531266,4.833152272849026,0.33598716128945816,0.20228565980088234
1681922066.4047778,2.5390550966175995,4.843266555839071,0.33598716128945816,0.20228565980088234
1681922066.4731534,2.5730650697055593,4.870979542297314,0.34748063888047226,0.21335507323736919
1681922066.501029,2.590439101649583,4.881647295959183,0.34748063888047226,0.21335507323736919
1681922066.6063416,2.6078131335936066,4.892315049621051,0.34748063888047226,0.21335507323736919
1681922066.6064467,2.6184707615710145,4.890925148577474,0.3457543863943364,0.2086541270884402
1681922066.693087,2.613403151236272,4.875503608838054,0.3381398870296246,0.1998478538864975
1681922066.7041695,2.630310145587753,4.8854960015323785,0.3381398870296246,0.1998478538864975
1681922066.7757196,2.6472171399392344,4.895488394226703,0.3381398870296246,0.1998478538864975
1681922066.8070006,2.6641241342907156,4.905480786921028,0.3381398870296246,0.1998478538864975
1681922066.8570304,2.681031128642197,4.915473179615352,0.3381398870296246,0.1998478538864975
1681922066.9477262,2.725864734491585,4.793706570506582,0.3483292609820564,0.1517739319546686
1681922067.0003994,2.743281197540688,4.801295267104315,0.3483292609820564,0.1517739319546686
1681922067.000405,2.760697660589791,4.808883963702049,0.3483292609820564,0.1517739319546686
1681922067.1438491,2.7781141236388938,4.816472660299782,0.3483292609820564,0.1517739319546686
1681922067.1438513,2.62451070648706,4.708186855334194,0.28403412305535597,0.10821076811986793
1681922067.2277114,2.6562873766940798,4.7613663441350464,0.2930574845369484,0.1342106380288237
1681922067.2277138,2.6953106230289365,4.732285484822698,0.3019159681099979,0.12120068275531544
1681922067.2574825,2.7104064214344366,4.738345518960464,0.3019159681099979,0.12120068275531544
1681922067.3098176,2.7255022198399366,4.74440555309823,0.3019159681099979,0.12120068275531544
1681922067.3778858,2.7405980182454366,4.750465587235996,0.3019159681099979,0.12120068275531544
1681922067.4773438,2.7737424722443236,4.764863658710966,0.3095316333624042,0.12371188537783638
1681922067.4773474,2.8037031818411515,4.7634918545187555,0.316948932302817,0.1194692990684359
1681922067.5432496,2.841413899969301,4.782895946956231,0.32779803892114756,0.12663359213002923
1681922067.5525503,2.857803801915358,4.789227626562732,0.32779803892114756,0.12663359213002923
1681922067.6091614,2.9002115181409382,4.794393078635874,0.33916934374196395,0.12637638982874147
1681922067.6799045,2.9171699853280364,4.800711898127311,0.33916934374196395,0.12637638982874147
1681922067.7086496,2.931119671159267,4.748948153508295,0.33814163579692014,0.10653715741378919
1681922067.7653584,2.948026752949113,4.754275011378985,0.33814163579692014,0.10653715741378919
1681922067.8447607,2.9649338347389587,4.759601869249674,0.33814163579692014,0.10653715741378919
1681922067.8448188,2.8494575082434874,4.664358219516114,0.2909470022652176,0.07068381059369307
1681922067.9145787,2.8640048583567483,4.667892410045798,0.2909470022652176,0.07068381059369307
1681922067.9974625,2.817444600499078,4.614760238227436,0.26868032358858235,0.05003545396389408
1681922068.021465,2.830878616678507,4.617262010925631,0.26868032358858235,0.05003545396389408
1681922068.1193178,2.8577466490373653,4.622265556322021,0.26868032358858235,0.05003545396389408
1681922068.1768105,2.834519910622607,4.648036106008211,0.2569415149037545,0.06253687206962448
1681922068.3253164,2.8932070129799796,4.757372618300516,0.27352132884219044,0.10095169587026154
1681922068.325402,2.906883079422089,4.762420203094029,0.27352132884219044,0.10095169587026154
1681922068.3422604,2.9205591458641984,4.767467787887543,0.27352132884219044,0.10095169587026154
1681922068.36709,2.970168401211139,4.784409790558819,0.2867726424605836,0.10533807699618708
1681922068.4062743,2.984507033334168,4.789676694408628,0.2867726424605836,0.10533807699618708
1681922068.4888074,3.057045523159809,4.766019920457223,0.3112623134893418,0.09097085120122358
1681922068.5533462,3.029425439523295,4.8598922754177005,0.29547374349763067,0.12105404510229971
1681922068.55336,3.0441991266981763,4.865944977672815,0.29547374349763067,0.12105404510229971
1681922068.6137333,3.0497375843783403,4.750025428055192,0.2943914779968477,0.07548167434322925
1681922068.6516385,3.0644571582781825,4.753799511772353,0.2943914779968477,0.07548167434322925
1681922068.740753,3.079176732178025,4.757573595489514,0.2943914779968477,0.07548167434322925
1681922068.7617087,3.093896306077867,4.761347679206676,0.2943914779968477,0.07548167434322925
1681922068.942771,3.1104147764252814,4.659765847476221,0.2950246231047254,0.038400283392871694
1681922068.942774,3.1251660075805177,4.661685861645864,0.2950246231047254,0.038400283392871694
1681922068.9427772,3.139917238735754,4.663605875815508,0.2950246231047254,0.038400283392871694
1681922069.1458697,3.134024635169336,4.607320714102824,0.2874647400155435,0.017085235544997718
1681922069.1458848,3.148397872170113,4.608174975880074,0.2874647400155435,0.017085235544997718
1681922069.1464362,3.1627711091708903,4.609029237657324,0.2874647400155435,0.017085235544997718
1681922069.1464834,3.1771443461716675,4.609883499434574,0.2874647400155435,0.017085235544997718
1681922069.1465151,3.1915175831724447,4.610737761211824,0.2874647400155435,0.017085235544997718
1681922069.2201648,3.205890820173222,4.611592022989074,0.2874647400155435,0.017085235544997718
1681922069.3200536,3.2296750164489296,4.608700272885869,0.2923537498130249,0.01754630923182769
1681922069.3200567,3.244292703939581,4.60957758834746,0.2923537498130249,0.01754630923182769
1681922069.4539843,3.20741499741612,4.513242156496909,0.2733229314329566,-0.018379974540617215
1681922069.4539883,3.2556989648532086,4.5467852043881445,0.2860301818655575,-0.0030875253418254436
1681922069.4539926,3.2700004739464865,4.546630828121053,0.2860301818655575,-0.0030875253418254436
1681922069.5289524,3.3214906955875128,4.539224979031276,0.3009457920267161,-0.006177023888253375
1681922069.565602,3.324372312574954,4.533537200775145,0.2955951348117817,-0.008331297395047114
1681922069.6175456,3.3666914778940304,4.434883309248227,0.30498485592916613,-0.0418258838165118
1681922069.6563601,3.394490828455544,4.408552342362839,0.308327808491033,-0.05026125390983461
1681922069.7491686,3.4099072188800954,4.406039279667347,0.308327808491033,-0.05026125390983461
1681922069.7492268,3.425323609304647,4.403526216971855,0.308327808491033,-0.05026125390983461
1681922069.8045156,3.4407399997291983,4.401013154276363,0.308327808491033,-0.05026125390983461
1681922069.8576748,3.4561563901537498,4.398500091580871,0.308327808491033,-0.05026125390983461
1681922069.9543588,3.471572780578301,4.395987028885379,0.308327808491033,-0.05026125390983461
1681922069.954363,3.4061072950034106,4.394532913694823,0.27903678520316316,-0.049877760628498136
1681922070.0537179,3.4876296235351645,4.297680692301661,0.30359094491919497,-0.08404688481934369
1681922070.1679475,3.549928942910754,4.243114843795886,0.32103524372186226,-0.10269205175113079
1681922070.1679502,3.565980705096847,4.237980241208329,0.32103524372186226,-0.10269205175113079
1681922070.1679533,3.3701279311066887,4.085144021694681,0.2407606715483424,-0.15864500265076306
1681922070.2396004,3.566418104416645,3.9822152184350252,0.3112468751782796,-0.19498621636790095
1681922070.3758636,3.5972293072595956,4.057231939632772,0.31713363926275384,-0.1622626119260179
1681922070.375908,3.669073405068691,4.086551801761138,0.3441520728561837,-0.14372364400357335
1681922070.3759203,3.6862810087115,4.07936561956096,0.3441520728561837,-0.14372364400357335
1681922070.6208982,3.696752928441123,3.966691288035241,0.3436342833997813,-0.1803396076515879
1681922070.620901,3.7139346426111124,3.9576743076526615,0.3436342833997813,-0.1803396076515879
1681922070.7915325,3.8031161396238087,3.9601522702718537,0.35725758190605245,-0.16444915573733895
1681922070.8341522,3.803034882808729,3.927581587566481,0.3514009150369647,-0.17239601051560716
1681922070.920988,3.8599316562335044,3.8681957337992228,0.3654742914147343,-0.19056303881308312
1681922070.9209921,3.878205370804241,3.8586675818585685,0.3654742914147343,-0.19056303881308312
1681922070.9746523,3.991980904373467,3.825299245408756,0.4008682126922895,-0.19939844763155684
1681922071.073827,4.049907876406799,3.7343228263157533,0.4151188127867964,-0.22987053491875123
1681922071.090825,4.046618028209315,3.4395516658827976,0.40594951929600315,-0.3378917680868636
1681922071.1223607,4.084724243241606,3.2814166744600115,0.4127404612076575,-0.3917504589712636
1681922071.2140353,4.33996119505184,3.1765702944989513,0.5041903187675092,-0.42497279919126807
1681922071.2224796,4.434011369446289,3.1750140663505895,0.5317233611298926,-0.41700745203157513
1681922071.3485646,4.4605975375027835,3.1541636937490107,0.5317233611298926,-0.41700745203157513
1681922071.3489242,4.536455406664276,3.143807258998468,0.5515111319195329,-0.4127357929961257
1681922071.3637125,4.492257965688634,3.158026861377325,0.5128434247501767,-0.39499242857269334
1681922071.4532926,4.423063677644318,3.1329452631062447,0.4752037697475269,-0.3971086375745011
1681922071.5168085,4.446823866131695,3.1130898312275197,0.4752037697475269,-0.3971086375745011
1681922071.516814,4.4749766955165935,3.1603301668264607,0.47454385130929805,-0.365197542963777
1681922071.703653,4.458595970276668,3.064724122671985,0.43621782495746303,-0.38131464444172486
1681922071.7670631,4.480406861524541,3.0456583904498986,0.43621782495746303,-0.38131464444172486
1681922071.7670765,4.496327854474663,3.0860402510742264,0.4451988398044816,-0.36317360242891095
1681922071.8580124,4.518587796464888,3.067881570952781,0.4451988398044816,-0.36317360242891095
1681922071.945077,4.563107680445337,3.03156421070989,0.4451988398044816,-0.36317360242891095
1681922072.0028052,4.576315530255246,3.032109655925058,0.4418106015153363,-0.35617256527991886
1681922072.0151136,4.754490980500234,3.0942653244799185,0.5024226867568398,-0.32512022037813926
1681922072.0807486,4.726788617812978,2.931640023209741,0.4816869584388853,-0.3825771099759652
1681922072.1230032,4.874691702854638,2.7686279007514587,0.5308130080887394,-0.439663918328732
1681922072.1847556,4.979466166204085,2.6282214816459972,0.5621799244947354,-0.4871443005633257
1681922072.2332783,4.971935115415234,2.599490170576635,0.5477553290112733,-0.48891462836272537
1681922072.296078,5.048124522530793,2.487399605435708,0.5675068160183883,-0.5243871200848764
1681922072.3363106,5.010968570536056,2.3169420479252434,0.5409504840859116,-0.5836079324449126
1681922072.4259596,4.992554283485295,2.3392508078266165,0.5182192925598611,-0.5543968421113732
1681922072.4326935,5.018465248113288,2.311530965721048,0.5182192925598611,-0.5543968421113732
1681922072.4885461,5.040481909800351,2.247805119913121,0.5166466994318235,-0.5689367469028853
1681922072.5390482,5.029564547926864,2.1988496035053675,0.4991150870351944,-0.565818983514242
1681922072.5762694,5.033065701107999,2.2432257939090743,0.49123338635272523,-0.5313026592355679
1681922072.646407,5.129850032518391,1.9555697359639805,0.5186559760548475,-0.630725617046459
1681922072.682497,5.109961312827631,2.0115408742344933,0.4977234131254746,-0.5894539195496711
1681922072.7232034,5.094214496121511,2.0859490985624953,0.48233981116783886,-0.5501247234283074
1681922072.7723558,5.130959845993308,2.0314061014318963,0.48712089337877246,-0.5603608098157131
1681922072.8259344,5.215078580682683,1.9562934841360464,0.5099613244592384,-0.5786358323525876
1681922072.8917975,5.20489247938703,1.9862662132125126,0.49185097261895583,-0.5521200927065341
1681922072.9151006,5.266541876748004,1.9034230222021633,0.5058031064701735,-0.5732581533207292
1681922072.9722633,5.382883290864307,1.8558931975482453,0.5514625722489331,-0.5917135405110311
1681922073.0295405,5.410456419476754,1.8263075205226937,0.5514625722489331,-0.5917135405110311
1681922073.0712078,5.526883680686303,1.770674455472225,0.5867798438271614,-0.6020667188032639
1681922073.122049,5.539250762640802,1.7174148275860337,0.5798695708782559,-0.6114950209565527
1681922073.1855712,5.625148794628471,1.6884434468896723,0.6032728588569736,-0.6108355985412799
1681922073.2829964,5.67971185285671,1.6648524567179703,0.6133076716773699,-0.6079769286373847
1681922073.283,5.8229895257768645,1.550297869591275,0.6600273473681835,-0.6432186377072521
1681922073.3423219,5.85500097073106,1.5551815183328366,0.6596093168456515,-0.6275752244719138
1681922073.3907433,5.927751786969171,1.5356850751759097,0.6764037848954251,-0.6225574861532479
1681922073.4652224,5.971248298635073,1.6210598324608718,0.6765962014148021,-0.5747405598722166
1681922073.4907322,5.984780750620446,1.6350384134169675,0.6656211946400837,-0.5567606297702581
1681922073.53957,6.0180618103524495,1.6072003819284546,0.6656211946400837,-0.5567606297702581
1681922073.6224499,6.117422359939704,1.486429377520912,0.6786634131947402,-0.5826454800435534
1681922073.6734564,6.114285298464091,1.4648442362045289,0.6583619495984728,-0.5806653502610181
1681922073.7327998,6.197866415013587,1.2878934418741446,0.6786308905106863,-0.6398432608159366
1681922073.779339,6.143735776535866,1.2425015904891346,0.6423754607837269,-0.6441548016799578
1681922073.8489964,6.17553019592018,1.1819506849335737,0.6422498200424981,-0.6551337324400082
1681922073.87788,6.146108692507904,1.1261953803892,0.631049699212197,-0.6765779110154625
1681922073.9359717,6.297097176211391,1.0934989625741338,0.6774990255747775,-0.6761374841048335
1681922073.986787,6.33026284163999,1.0796477974255312,0.6772186013943189,-0.6682477688982349
1681922074.0305843,6.443418257047184,1.050897116116214,0.7090312732801438,-0.6663775081997599
1681922074.086331,6.478869820711191,1.017578240706226,0.7090312732801438,-0.6663775081997599
1681922074.1184006,6.523754467339885,0.9536337239178384,0.7128653345219553,-0.67882525036996
1681922074.1916494,6.558845705354897,0.8325967692891669,0.7126385340654935,-0.714608430356353
1681922074.2475476,6.669938403492169,0.7354402053355092,0.7439379767195071,-0.7400866223505799
1681922074.2730796,6.707135302328144,0.6984358742179803,0.7439379767195071,-0.7400866223505799
1681922074.326778,6.603571796914549,0.5392383294363031,0.6843086215171862,-0.7918935266005449
1681922074.3885736,6.637787227990408,0.4996436531062759,0.6843086215171862,-0.7918935266005449
1681922074.4344208,6.78093736508995,0.5255759665944356,0.732176494231066,-0.762964747532578
1681922074.4738517,6.8175461898015035,0.4874277292178067,0.732176494231066,-0.762964747532578
1681922074.5308154,6.884254036921775,0.5143464400538676,0.7437909161868506,-0.7385997427454151
1681922074.5707471,6.918794101368023,0.4681680992220265,0.7427242752115412,-0.7423229895446548
1681922074.638408,6.9559303151286,0.43105194974479377,0.7427242752115412,-0.7423229895446548
1681922074.6959116,7.0540331069704125,0.3810819014448851,0.7669628817903003,-0.7453270386055522
1681922074.7382693,7.092381251059927,0.34381554951460747,0.7669628817903003,-0.7453270386055522
1681922074.9893718,7.3741093009594385,0.03836218219899822,0.801313449423953,-0.7924119316784268
1681922075.0866797,7.456088993251959,-0.15436192497688753,0.799913534179341,-0.8326101708414773
1681922075.1468,7.530037523598008,-0.25535002175814797,0.8134147228438519,-0.8562134298209331
1681922075.1781127,7.513844717086484,-0.3579252424104639,0.7905563092921345,-0.8802380107159288
1681922075.2379134,7.578193193662386,-0.46535023937205156,0.800631487875092,-0.9059785930526901
1681922075.289729,7.7291704406430535,-0.47109436141785443,0.8456164986225291,-0.8900220467865682
1681922075.3408642,7.81565935758266,-0.5203814453634185,0.8638734651758794,-0.8919985515878438
1681922075.429756,7.8909682420515725,-0.6232511492017073,0.8772368044943445,-0.9162449682489097
1681922075.4297628,7.93483008227629,-0.6690633976141528,0.8772368044943445,-0.9162449682489097
1681922075.5359652,8.209725861644008,-0.6317602908403308,0.9572917662779779,-0.8635940251664305
1681922075.597143,8.221962403460031,-0.6362613381910714,0.9431597909704874,-0.848252016954404
1681922075.7258396,8.269120393008556,-0.6786739390387917,0.9431597909704874,-0.848252016954404
1681922075.7258418,8.29047139338995,-0.7103437341355882,0.9328070692536496,-0.8439424371860283
1681922075.725844,8.244207656349172,-0.671064322851088,0.8915166234744341,-0.8106350085191438
1681922075.874321,8.333359318696616,-0.7521278237030025,0.8915166234744341,-0.8106350085191438
1681922075.9122849,8.32069837479964,-0.8005330128088383,0.8689114627412106,-0.813744553853625
1681922076.0501204,8.323411483848048,-0.8681374181350368,0.8387014392139805,-0.8148304258058475
1681922076.098264,8.388260681184105,-0.9297269818734339,0.8476601535619398,-0.8229813656277776
1681922076.1010711,8.448087285486062,-0.9407845151719849,0.8547442818276566,-0.8107607039071817
1681922076.1605432,8.454781591268693,-0.8884119890066702,0.8432013219057379,-0.7706004788638362
1681922076.192206,8.547338226544717,-1.134826760817793,0.86273298225091,-0.8511681514714003
1681922076.2773805,8.484209762615889,-1.2111094676109484,0.821129843748563,-0.864371324659394
1681922076.3884144,8.525266254803316,-1.254328033843918,0.821129843748563,-0.864371324659394
1681922076.388422,8.624371541718881,-1.2260512194762903,0.8443135591673399,-0.8358172682769288
1681922076.3884263,8.666587219677249,-1.2678420828901367,0.8443135591673399,-0.8358172682769288
1681922076.5002725,8.71340754797527,-1.32635658355477,0.8461827627527527,-0.8426060318972869
1681922076.500276,8.725237065683457,-1.3273771377931118,0.833778529697008,-0.8258241441482537
1681922076.516466,8.937656927847414,-1.3271975487042078,0.903540965832611,-0.8088787454329788
1681922076.5963867,9.058542188506763,-1.2854066697230293,0.9376269901587971,-0.7798468042068463
1681922076.6979663,9.105423538014703,-1.3243990099333716,0.9376269901587971,-0.7798468042068463
1681922076.7132213,9.172495491973349,-1.3885264217092472,0.9471361433339449,-0.7973346081240635
1681922076.7462382,9.259287735151355,-1.4149607324213784,0.9607280108255934,-0.7948674396183492
1681922076.7954998,9.28599580131712,-1.457095344146667,0.9524238426383612,-0.7957984667048359
1681922076.937311,9.335331207198871,-1.4099253616864365,0.9530833566948177,-0.7623421487713898
1681922076.9373128,9.382985375033613,-1.448042469125006,0.9530833566948177,-0.7623421487713898
1681922076.9373145,9.499681850285803,-1.5090629299303944,0.980327626557249,-0.771379870180488
1681922076.992638,9.574648345621867,-1.4456778577849394,0.9906839158654235,-0.730691578802318
1681922077.147301,9.609506059587577,-1.5237145796495988,0.9486254593043376,-0.7335339703568049
1681922077.2343307,9.639504682843201,-1.5590377563051343,0.9418541008259642,-0.7330082222983821
1681922077.2343347,9.702356892223847,-1.6089192889515387,0.9478923708261588,-0.7380777398728036
1681922077.2986681,9.85225188704064,-1.5147838086552228,0.9881192591095578,-0.6866505531614809
1681922077.330308,9.901657849996118,-1.549116336313297,0.9881192591095578,-0.6866505531614809
1681922077.386377,9.881083901207944,-1.5142531638912473,0.9600645459592865,-0.6589102278508224
1681922077.4354231,9.995473359241222,-1.5944140805664118,0.9869210567593893,-0.6780111924312604
1681922077.5157275,10.16092772621201,-1.5751814258460781,1.0341773723386047,-0.6562583501987461
1681922077.5952473,10.180751903626476,-1.5548962392053607,1.0210364160461047,-0.6343744981197766
1681922077.6904097,10.317976948339712,-1.7668629734053023,1.0398700178874325,-0.7036004565256585
1681922077.752629,10.406181534665814,-1.812151688340912,1.0298814563029595,-0.6971641085025775
1681922077.8864725,10.457785289875016,-1.8728758146230278,1.0110317646648004,-0.6991461507444461
1681922078.0015905,10.608347842802052,-1.921347155736587,1.0106218578007544,-0.6779790235714611
1681922078.1885889,10.557084648723949,-1.9223115244912645,0.967545172384969,-0.6694259320540201
1681922078.1885924,10.822062420361247,-2.104215689206199,1.013220847483356,-0.706239129023419
1681922078.2457175,10.89429711968215,-2.2063375208307225,1.0215706775001423,-0.7320971049112113
1681922078.2937264,10.938846264298856,-2.258185302829013,1.0190153172108134,-0.7380626199350786
1681922078.3734946,10.989797030159398,-2.295088433825767,1.0190153172108134,-0.7380626199350786
1681922078.3734968,11.039747651368414,-2.327716276414528,1.0186166015654043,-0.7363582420990298
1681922078.4843369,11.207635647400958,-2.4681649988290655,1.0655981874040978,-0.7779866431496908
1681922078.4843395,11.260915556771163,-2.50706433098655,1.0655981874040978,-0.7779866431496908
1681922078.5558226,11.366133239146556,-2.586858607760113,1.0867853310350875,-0.7946690500999396
1681922078.6688254,11.474811772250064,-2.666325512770107,1.0867853310350875,-0.7946690500999396
1681922078.8096032,11.406052494050092,-2.7552402154591844,1.0350556575432142,-0.8135233512026683
1681922078.8096051,11.465265508705297,-2.8269702933959926,1.0380602730307953,-0.8260303433235194
1681922078.809607,11.595018547210847,-2.836686619047791,1.0692386432112335,-0.8133807032610786
1681922078.8309453,11.627247330312196,-2.8509593075299033,1.06263088069616,-0.801560100711132
1681922079.0044808,11.733510418381814,-2.9311153176010167,1.06263088069616,-0.801560100711132
1681922079.0045538,11.592210787842374,-2.8604616413668635,0.9875863657759174,-0.7562677840684049
1681922079.0344374,11.64159010613117,-2.8982750305702836,0.9875863657759174,-0.7562677840684049
1681922079.1231937,11.594425630291376,-2.8720290642983772,0.9360715124187442,-0.7197074905075186
1681922079.2551308,11.651508709795362,-2.996403427818587,0.9425627799255842,-0.7520841336431336
1681922079.255133,11.69863684879164,-3.034007634500744,0.9425627799255842,-0.7520841336431336
1681922079.2944467,11.806751963900933,-2.9845606473745203,0.9650907341290796,-0.7199283287079826
1681922079.3436983,11.855006500607386,-3.0205570638099193,0.9650907341290796,-0.7199283287079826
1681922079.368076,11.999194571525589,-3.0365418469208656,1.001185566835264,-0.7124582824433795
1681922079.4533467,12.15639822945251,-3.156194330134505,1.0421213662163487,-0.7445627903580806
1681922079.6279547,12.205292487986393,-3.294326172671469,1.0021222060432224,-0.755016914854414
1681922079.6863275,12.085309459817035,-3.306190175812911,0.9200375778057986,-0.7308836421035493
1681922079.7789755,12.305647841366147,-3.2170367943192293,1.0008841125611425,-0.6961804559951799
1681922079.876236,12.397473783149783,-3.2725439732220627,1.0175088191934871,-0.7044161303520994
1681922079.916378,12.382635877699125,-3.2973106710908673,0.9884927957425128,-0.7024910769661038
1681922079.95548,12.246443051011724,-3.2964162576087697,0.9122238875560997,-0.6872568824679082
1681922079.9761443,12.33078867655819,-3.3659702194032786,0.9268637944811453,-0.7005575731389577
1681922080.0573874,12.281756163664115,-3.3236178818245823,0.8902433403574389,-0.67084666584336
1681922080.1145065,12.31187501669349,-3.306599725177397,0.8846328656611651,-0.6511383242020492
1681922080.2064743,12.389956572859365,-3.2953434737314775,0.8839781446475098,-0.6207337283227629
1681922080.319596,12.418629499980833,-3.282196138858597,0.8764073890373981,-0.6067681056278127
1681922080.3249664,12.462449869432703,-3.3125345441399876,0.8764073890373981,-0.6067681056278127
1681922080.333809,12.506270238884573,-3.3428729494213782,0.8764073890373981,-0.6067681056278127
1681922080.3807895,12.506030381191277,-3.4055800145996904,0.8599737399793747,-0.6188410165429548
1681922080.4113872,12.619937296859673,-3.4688923166194536,0.8880639498303986,-0.6316644527786841
1681922080.4798837,12.70816216932963,-3.466261051094508,0.9052607326074399,-0.618013120476203
1681922080.5381858,12.82900200527703,-3.4469410596568104,0.9354368363139255,-0.5979212237549385
1681922080.588721,12.770458213181746,-3.5798068566833763,0.8922342988048264,-0.6401614278887222
1681922080.6681676,12.815069928121988,-3.6118149280778122,0.8922342988048264,-0.6401614278887222
1681922080.702601,12.85968164306223,-3.643822999472248,0.8922342988048264,-0.6401614278887222
1681922080.7603738,12.895054783508867,-3.7143655197092964,0.8884612303697955,-0.6564786378172731
1681922080.7934506,12.939477845027357,-3.74718945160016,0.8884612303697955,-0.6564786378172731
1681922080.8796196,13.03050930839191,-3.6515685768514565,0.9095238665928161,-0.5964048588845235
1681922080.9212704,13.062083818962263,-3.658311958169971,0.904025429661867,-0.5870844270831738
1681922080.9495187,13.01901757986917,-3.7148111027070057,0.8648625817618274,-0.5999053019781259
1681922081.0018277,13.03247410875997,-3.7092588152282793,0.8528690686961979,-0.5855921533318504
1681922081.0404866,13.064750193144006,-3.6765595889648712,0.8511354661592724,-0.5642427870621136
1681922081.276052,13.207412524280095,-3.7935173345038877,0.8734608314125342,-0.5877260242556823
1681922081.3276706,13.160030559496153,-3.8076545850861665,0.8376128681211805,-0.5813433967691299
1681922081.394998,13.283765368914006,-3.797062027320414,0.86868178340396,-0.5662899819326054
1681922081.4384596,13.327199458084204,-3.825376526417044,0.86868178340396,-0.5662899819326054
1681922081.4935803,13.453155585879976,-3.8745729457817735,0.8837061859893345,-0.5634330897670324
1681922081.6207693,13.551640519299383,-3.8815967708068877,0.9064435734047493,-0.5552235803250632
1681922081.6207716,13.582013807777908,-3.861067300876714,0.9004317284709927,-0.5358030153538014
1681922081.6916773,13.627035394201458,-3.887857451644404,0.9004317284709927,-0.5358030153538014
1681922081.7023773,13.725408450589251,-3.906245309001955,0.9223169478423576,-0.532252633659147
1681922081.7923875,13.812952958670415,-3.9149272641283206,0.9393095126298021,-0.5250073238861144
1681922081.8004797,13.791859773607676,-3.868936633686225,0.9109522378804322,-0.4949074399199801
1681922081.9539447,13.80639524158751,-3.8615894438950606,0.8740845348053584,-0.46985986538295826
1681922082.0323915,13.893803695068044,-3.9085754304333564,0.8740845348053584,-0.46985986538295826
1681922082.2067056,13.965766304967916,-4.07831764696476,0.8510787723654656,-0.511906821870575
1681922082.2803328,14.052088827483924,-4.159133729176006,0.851577351052797,-0.5240672388297485
1681922082.4435537,14.091247530328083,-4.165325941947681,0.843584103829654,-0.5140888694284268
1681922082.6265097,14.08789987222691,-4.145471930279333,0.8101446085381608,-0.48351399356652897
1681922082.6265123,14.143343485009902,-4.135603620384022,0.8159309503111305,-0.4703253733224126
1681922082.7157571,14.211007145649466,-4.190166183863295,0.8264659345137161,-0.4824990751971077
1681922082.716064,14.334362919592644,-4.184674676427541,0.8589867594737588,-0.4707579723662774
1681922082.8248262,14.377312257566333,-4.208212575045855,0.8589867594737588,-0.4707579723662774
1681922082.8248787,14.388882812664226,-4.167908664338206,0.8465917452072023,-0.44479331807304195
1681922082.8767354,14.472088853037523,-4.226001636712489,0.8624839633104444,-0.45873260396409965
1681922082.9444292,14.457524580236765,-4.189277431169776,0.8397464658618229,-0.4352177130730809
1681922083.0264306,14.570402005317188,-4.304460276167952,0.8509525621357171,-0.462720456562502
1681922083.0556874,14.611638856986652,-4.399209039349219,0.8473390276924746,-0.4889619193946006
1681922083.133364,14.654005808371275,-4.423657135318949,0.8473390276924746,-0.4889619193946006
1681922083.234334,14.638851749399626,-4.437356205629145,0.8246733582799692,-0.4875030922613444
1681922083.2910008,14.76610834649177,-4.531423483673619,0.8417249863436592,-0.5047556227888513
1681922083.339054,14.808194595808953,-4.556661264813061,0.8417249863436592,-0.5047556227888513
1681922083.3739557,14.818625826418106,-4.581032876122543,0.8333980685400937,-0.5081640770758313
1681922083.4837441,14.87726128620277,-4.619334079641069,0.8231520877880945,-0.5034708821435452
1681922083.5111036,14.861845839691911,-4.525117579541888,0.8173268119821536,-0.467867820100448
1681922083.574865,14.861060742304423,-4.622907690988574,0.8012808977144164,-0.4965799605843285
1681922083.598164,14.91850778717282,-4.680887218910229,0.8081195806282712,-0.5096217809022601
1681922083.6919622,14.958913766204233,-4.706368307955342,0.8081195806282712,-0.5096217809022601
1681922083.6919708,15.122218322476678,-4.774992614542236,0.8571406556888216,-0.5265268782935419
1681922083.829649,15.397982665390998,-4.928153200487955,0.9326308714223726,-0.5662803269026851
1681922083.873632,15.398826587993312,-4.957221799149381,0.9137247739826997,-0.5665919003475643
1681922083.944061,15.470213983533329,-4.947015115235425,0.9426005079263647,-0.5619612159773841
1681922084.0063174,15.54997962965726,-4.98660327144337,0.9368928066664379,-0.5554212229837564
1681922084.0690787,15.601884500616267,-5.012213627288156,0.9389254792588616,-0.5545532770782338
1681922084.1584027,15.78432564974481,-5.0015306284035885,0.9724729882691343,-0.5229426313639223
1681922084.211117,15.70436541172691,-5.008430422528568,0.9142082521746991,-0.5161805897037736
1681922084.2861078,15.682706134903247,-4.9487335509326575,0.8871043836470065,-0.48273731283278176
1681922084.3287811,15.714458700540527,-4.939824935962198,0.882333301589702,-0.47022703481398587
1681922084.4269993,15.81483524228508,-4.889425297970923,0.9038257547601153,-0.4422100144071723
1681922084.4280846,15.962481731188895,-4.9028854206079995,0.9437076813386297,-0.43884275008414886
1681922084.4518957,15.862245660021191,-4.910841985288291,0.8785475785639383,-0.43554029150219015
1681922084.500233,15.98287207596484,-4.901000597456592,0.9079673136863184,-0.42341230319884626
1681922084.5830848,16.136680071262273,-4.860458040370483,0.9501427691032788,-0.3994035398261547
1681922084.6286972,16.291079127734786,-4.909755068243597,0.9922625377231318,-0.4109595133403553
1681922084.7125945,16.45188501604263,-4.804400067962548,1.016328811625615,-0.35372421564117584
1681922084.8714776,16.442938476905205,-4.842086132571894,0.992054153240084,-0.36184780020310814
1681922084.871506,16.502065646796225,-4.911489142907248,0.9959523423619131,-0.38284830366214884
1681922084.8817532,16.38276632953938,-4.888975650760582,0.9267440433246442,-0.36579929859411253
1681922084.9101245,16.396832340691795,-4.925272378471775,0.9098905773730255,-0.3797494426080312
1681922084.9545875,16.423091742988984,-4.896412762261071,0.9022119224279659,-0.36064890380303793
1681922085.0471349,16.455396041803976,-4.899455736308337,0.897043633082036,-0.35459954213702766
1681922085.0595644,16.59933114003956,-4.807915159277788,0.9370878995205648,-0.3102622424772655
1681922085.1294577,16.734268109212387,-4.789644072491661,0.9733257016197724,-0.2963631809961014
1681922085.1864064,16.82182403504972,-4.682527086575338,0.9894598556525857,-0.24577591989943198
1681922085.1982484,16.871297027832348,-4.69481588257031,0.9894598556525857,-0.24577591989943198
1681922085.2522628,16.723644387588365,-4.73238245704465,0.8993846720336932,-0.2623508300139948
1681922085.339309,16.683679974241176,-4.744217552111433,0.8664381087318843,-0.26626545591472023
1681922085.3543136,16.639170208626066,-4.755472825306925,0.8310101263670632,-0.2704097932006235
1681922085.4280186,16.71901243725992,-4.683966217553599,0.8453802553603177,-0.2385007986747398
1681922085.6231368,16.867767498512244,-4.513294071572711,0.8694770457789073,-0.1651445307565789
1681922085.7220364,16.872354407371674,-4.529309661641832,0.8381154069935448,-0.17395938928030216
1681922085.8691833,16.968865740563654,-4.513918021542028,0.8429590239032422,-0.16204829236062762
1681922085.9526436,17.044998370130273,-4.493023657728627,0.8399902429390128,-0.14780535238069073
1681922086.0547228,17.21576433113699,-4.463775543694952,0.8744415291823003,-0.13032353665188792
1681922086.1093204,17.234226322249135,-4.624894017857863,0.8653352836317589,-0.20180281699255384
1681922086.1725307,17.277493086430724,-4.634984158707491,0.8653352836317589,-0.20180281699255384
1681922086.2640228,17.40153827869582,-4.581585072449015,0.8935430799537564,-0.18516066618963706
1681922086.3181815,17.45139372921772,-4.564393843881861,0.8955704459340584,-0.1748054589352702
1681922086.4401064,17.51443399141494,-4.611136162452511,0.8843660840782732,-0.19089494786219663
1681922086.4435248,17.393677251689112,-4.594194813748408,0.817572678324341,-0.1794573978151846
1681922086.4764407,17.44213702962482,-4.647216271270654,0.8204398123533031,-0.19611625618817746
1681922086.552732,17.407381040086676,-4.685565026426114,0.7956853376215867,-0.20868239623476284
1681922086.6693234,17.486949573848833,-4.706433266049591,0.7956853376215867,-0.20868239623476284
1681922086.7074647,17.559490581426026,-4.661840390424527,0.8081652005039448,-0.18771787585557542
1681922086.7638202,17.66713447180691,-4.594822388414635,0.8340606755963411,-0.15829128804412154
1681922086.8617518,17.73608367865591,-4.530628616333189,0.8285441050595947,-0.1277554762847136
1681922086.8999193,17.77459967229103,-4.531284659982076,0.8273102763446226,-0.12555429260950998
1681922086.946639,17.779291000703104,-4.4558725272332875,0.8126768645256437,-0.09295912614775279
1681922086.9989803,17.82714781618017,-4.422316474808263,0.8182964959798691,-0.08335241787180625
1681922087.0438201,17.86806264097916,-4.426484095701854,0.8182964959798691,-0.08335241787180625
1681922087.1464586,17.93492572248023,-4.356806993771169,0.8283943494446856,-0.05461548965381574
1681922087.1964092,18.06338382736393,-4.356231174793806,0.846007252450563,-0.052284523491759965
1681922087.2936835,18.159586747069405,-4.305655556577928,0.8674518460867953,-0.0311234754774203
1681922087.2937067,18.11772647741289,-4.34371565146111,0.832565209765919,-0.04935304016123216
1681922087.34874,18.17697032538443,-4.279584732887325,0.8394459391377564,-0.023339332633123287
1681922087.3961549,18.21894262234132,-4.280751699518981,0.8394459391377564,-0.023339332633123287
1681922087.534858,18.44300752519367,-4.118892304709409,0.8768124692977932,0.03971139058093669
1681922087.6125236,18.431570824544778,-4.194884973953303,0.8542951421221061,0.0065872561718987
1681922087.6803892,18.474285581650882,-4.194555611144708,0.8542951421221061,0.0065872561718987
1681922087.7126358,18.517000338756986,-4.194226248336114,0.8542951421221061,0.0065872561718987
1681922087.7437797,18.55971509586309,-4.193896885527519,0.8542951421221061,0.0065872561718987
1681922087.9558568,18.430904353573183,-4.245850353008663,0.7907946001145659,-0.02145555087402444
1681922088.010927,18.28660053335763,-4.350682329174089,0.7196841134394267,-0.06799213819793419
1681922088.0985305,18.267979466246324,-4.200435675127009,0.6999936309256654,-0.012587799743556227
1681922088.2577047,18.37297851088517,-4.202323845088542,0.6999936309256654,-0.012587799743556227
1681922088.2608395,18.40797819243145,-4.20295323507572,0.6999936309256654,-0.012587799743556227
1681922088.321634,18.421491155540487,-4.245915770120824,0.6974992390124404,-0.03060157795834997
1681922088.4072256,18.423042711533686,-4.220546271050361,0.6850894887448936,-0.020584083188561805
1681922088.4894664,18.36165554906087,-4.1605869713064445,0.6578423154874524,0.0033012720101878966
1681922088.4894814,18.394547664835244,-4.160421907705935,0.6578423154874524,0.0033012720101878966
1681922088.6002204,18.46033189638399,-4.160091780504915,0.6578423154874524,0.0033012720101878966
1681922088.6307695,18.60191924329083,-4.149134310642813,0.6982041678338127,0.007308821407285752
1681922088.6813967,18.532392718376016,-4.224407779903723,0.6730243102716699,-0.022936509653274213
1681922088.770626,18.63402909969082,-4.163176947352054,0.6973125779546688,-0.0006515709034554604
1681922088.942672,18.726062190325212,-3.9263980677297194,0.7180685703154384,0.08532840209779291
1681922088.942675,18.809289221622926,-3.9600162007083295,0.7352505180176276,0.07157352352692731
1681922088.942681,18.919462196496184,-3.967479680646249,0.7625346970460322,0.06791810729694676
1681922088.9426842,18.931034725737817,-3.9003379120971244,0.7524534383796159,0.09211911504302148
1681922089.0188344,19.145976866033944,-3.8202414230107773,0.8201638481810116,0.12100068161773309
1681922089.020842,19.215138774629313,-3.83824982703853,0.8311309463441366,0.11162887255910715
1681922089.0999894,19.23863482771483,-3.6110076843530274,0.8240140671767341,0.19897600664730525
1681922089.1701293,19.192228491540472,-3.6891904951478303,0.7857392555746546,0.15800183327783943
1681922089.4004152,19.298829442718,-3.6287383323117375,0.7815597482902468,0.17164354200116225
1681922089.4004183,19.33790743013251,-3.620156155211679,0.7815597482902468,0.17164354200116225
1681922089.5129166,19.337494482258887,-3.474703468568816,0.7239694176879172,0.21085920727892166
1681922089.7301643,19.46419802567299,-3.4889507593898825,0.7467036378638325,0.19512504217409077
1681922089.730219,19.50787492679769,-3.462338331705532,0.7346549451066863,0.19788513379038478
1681922089.882483,19.399202503702785,-3.6180467735627717,0.6696739845511543,0.12358758425792188
1681922089.8824852,19.43268620293034,-3.6118673943498756,0.6696739845511543,0.12358758425792188
1681922089.9121644,19.545336291800293,-3.625763681223661,0.6995648725171425,0.11600760633357511
1681922090.0149434,19.658909323397026,-3.588801047678681,0.729579658112503,0.12790824724709643
1681922090.0676904,19.678976420106846,-3.494973730459862,0.7096186024339175,0.15877594253049804
1681922090.1150682,19.728590251005567,-3.4675662866305768,0.7152004180424667,0.16646512097711053
1681922090.157738,19.76435027190769,-3.4592430305817214,0.7152004180424667,0.16646512097711053
1681922090.2758713,19.85592525638613,-3.3852526251193638,0.7228965443461363,0.19198339150765673
1681922090.4376295,19.98711691156642,-3.3970283671291464,0.7319849110098409,0.17577994783452985
1681922090.4679267,20.045697774085767,-3.4535016388530444,0.742836563132203,0.14869544690948283
1681922090.5468328,20.089637078393395,-3.3666303609186228,0.7454787844071287,0.17957291089902175
1681922090.5877516,20.264517052094593,-3.224366647756594,0.8048141215380483,0.23323995242633166
1681922090.6859603,20.214971145863554,-3.278744086809098,0.7496310010555381,0.20163943995785302
1681922090.7365932,20.252452695916332,-3.268662114811205,0.7496310010555381,0.20163943995785302
1681922090.7822547,20.271542101774447,-3.2446953006570576,0.7405900899745951,0.2090633015039541
1681922090.874328,20.345601110771906,-3.2237889705066625,0.7405900899745951,0.2090633015039541
1681922090.9737134,20.589505624978095,-3.18318516222159,0.8037038250374726,0.21601545062164978
1681922091.0225813,20.87142081126484,-3.082518699957037,0.8984607682642146,0.2512781438146499
1681922091.1029162,20.97587871463037,-3.0473881469589243,0.9218173718511833,0.2601314468469596
1681922091.1029184,20.840330756392703,-2.959216059917138,0.8410922326823354,0.29513588435298094
1681922091.159064,20.821385878890993,-2.6978213074985367,0.8167792934166369,0.3921489155721324
1681922091.268849,20.848426984601357,-2.6594736921794713,0.8113285951338282,0.3995520213892289
1681922091.379355,20.959748461830806,-2.490253197794731,0.8234093657632667,0.44995348473561403
1681922091.4158576,20.982347404812973,-2.375668836250789,0.7982661658470229,0.4763496161932346
1681922091.4743156,20.979521773069187,-2.26274321741825,0.7804444375999434,0.513506855448683
1681922091.5216668,20.96086752962514,-2.2460232764266674,0.7562250455284781,0.5097463200956692
1681922091.5538962,21.016209462823152,-2.3054420903815265,0.7641143504619743,0.46921278279353085
1681922091.6227815,21.05441518034625,-2.28198145124185,0.7641143504619743,0.46921278279353085
1681922091.7559698,20.991971130736164,-2.2603983821372267,0.6894924693321104,0.4434292354256082
1681922091.8013732,20.937576543824076,-2.204451182453589,0.6554160377007114,0.4485393430543215
1681922091.9102545,21.028279927559232,-2.14344841749198,0.6785841469740632,0.46396638376960175
1681922091.9191494,21.062209134907935,-2.1202500983035,0.6785841469740632,0.46396638376960175
1681922091.9794824,21.26688578498493,-2.057995104433262,0.7479959430891345,0.4798435992442536
1681922092.032069,21.304285582139386,-2.0340029244710496,0.7479959430891345,0.4798435992442536
1681922092.1116734,21.216166899251846,-2.01824699931139,0.6966335753211239,0.47647331027916884
1681922092.1981728,21.43686189349075,-1.9286340805292363,0.7465288579975226,0.4810536911103035
1681922092.2792869,21.58498302790902,-1.9226571867716595,0.791269718633198,0.47375436633321416
1681922092.319534,21.624546513840677,-1.898969468454999,0.791269718633198,0.47375436633321416
1681922092.3651302,21.989977066513685,-1.699907407734357,0.9242395537246768,0.5453157475489582
1681922092.4499257,22.03618904419992,-1.672641620356909,0.9242395537246768,0.5453157475489582
1681922092.4871097,21.943082402483533,-1.740630203866301,0.8629005754829979,0.5037851655651546
1681922092.4991586,22.001626241309154,-1.6040104470650611,0.8689915055647925,0.547860998257055
1681922092.5766819,22.03844863072269,-1.659133103073839,0.8663523184272395,0.5150002344033691
1681922092.6552286,21.912824463791612,-1.5279922188710036,0.7828958168587015,0.5463135597945712
1681922092.7524934,21.89955505330417,-1.4724702197593482,0.7472832207542466,0.547318002697637
1681922092.8700297,21.846116917294328,-1.6472824687890115,0.6972914621367482,0.4571451444224751
1681922092.9042265,21.880981490401165,-1.6244252115678877,0.6972914621367482,0.4571451444224751
1681922092.9909067,21.78263385733303,-1.7102467732105717,0.6509549569720354,0.41556151497153637
1681922093.0129807,21.81518160518163,-1.689468697461995,0.6509549569720354,0.41556151497153637
1681922093.223969,21.933701239438378,-1.5282742170169579,0.6463686297604072,0.4435675917527361
1681922093.3223212,22.041150439786847,-1.547810858886236,0.6850079662417069,0.4307681450736357
1681922093.364041,22.152938869704332,-1.457842597393276,0.7147544809246685,0.4570204192381481
1681922093.421471,22.124375887978424,-1.486686950668382,0.6911192651837228,0.43827301872561036
1681922093.4762878,22.12048345776141,-1.3091069485828393,0.6767137136498252,0.49659690279017177
1681922093.5720487,22.274090367650114,-1.1567316992557513,0.7083193003475436,0.5343738872888772
1681922093.6121533,22.242589702430983,-1.1281627241973717,0.6846267653069107,0.5396767010268474
1681922093.9142983,22.36670604917044,-1.0958269967024508,0.7182548471927855,0.5416789690400823
1681922093.9143004,22.60985625932965,-0.7786308015945526,0.7966904366727933,0.651481145854132
1681922093.9143023,22.661068600060844,-0.6207484026950243,0.8010469949836889,0.6994616157462274
1681922093.9143047,22.60397811829847,-0.7084691587243898,0.7636000439821528,0.6491816083640576
1681922094.1379216,22.55249388524346,-0.6617962600290588,0.7156840740853441,0.6378226762859516
1681922094.1567516,22.741151048131854,-0.6135255912434993,0.7731682106481305,0.6436617094023768
