,Time,x,y,v_x,v_y,timestamp.secs,timestamp.nsecs,x_target,y_target,v_x_target,v_y_target,Timestamp_sec,Timestamp_nsec,error_x,error_y,euclidean,error_v_x,error_v_y
0,3.9466278553009033,5.53738614441938,2.4730974914923083,1.6637968856115797,0.775764028285143,1685537224.0,24327754.0,4.592678580651324,4.5152379755,-0.17787055949340513,1.0,1685537224.0,101734161.0,-0.9447075637680564,2.0421404840076915,2.2500689183808893,-1.8416674451049848,0.22423597171485699
1,4.17520546913147,5.2296529457430125,2.5226159383692703,1.600726629145014,0.7774952113030664,1685537224.0,171901941.0,4.557783112832213,4.707886902666667,-0.18501255366434413,1.0,1685537224.0,312390247.6666667,-0.6718698329107999,2.1852709642973966,2.2862235804437105,-1.785739182809358,0.22250478869693358
2,4.175207853317261,5.599149446418334,2.6770312856281824,1.654772302963722,0.7990680200184812,1685537224.0,343081712.0,4.549889537927086,4.750371583333333,-0.18657966393278475,1.0,1685537224.0,358715613.3333333,-1.0492599084912477,2.0733402977051507,2.3237225190747592,-1.8413519668965068,0.2009319799815188
3,4.567215442657471,5.453778541259357,3.0280317973762605,1.6062907697056037,0.8651767945414545,1685537224.0,403538703.0,4.47677622742329,5.1281134365,-0.20038965491879715,1.0,1685537224.0,719269036.5,-0.9770023138360671,2.100081639123739,2.3162202857728533,-1.8066804246244008,0.13482320545854554
4,4.702422380447388,5.6599170735845,3.0023893138576865,1.6363004588144403,0.8487434639286866,1685537224.0,685455083.0,4.437940196672462,5.3187309979999995,-0.20727285172119325,1.0,1685537224.0,892590880.0,-1.2219768769120387,2.316341684142313,2.61890555106574,-1.8435733105356336,0.1512565360713134
5,4.808711051940918,5.628553988600419,2.8106928130657165,1.6070116109203054,0.7925876084113408,1685537224.0,934003114.0,4.422861538150782,5.391321349,-0.2098807779264493,1.0,1685537224.5,495871424.5,-1.2056924504496367,2.5806285359342835,2.8483921649852872,-1.8168923888467547,0.2074123915886592
6,5.040582656860352,5.7089045691464335,2.850322193486284,1.6070116109203054,0.7925876084113408,1685537224.0,995382547.0,4.363066786820054,5.6688979150000005,-0.2197502869684018,1.0,1685537225.0,255663037.0,-1.3458377823263792,2.8185757215137164,3.123403341588107,-1.8267618978887072,0.2074123915886592
7,5.414486885070801,5.551700767328671,2.5658906635710768,1.57792112493625,0.7545194704780125,1685537225.0,240070581.0,4.278852276996152,6.041745948999999,-0.23280956178069373,1.0,1685537225.0,616309761.5,-1.2728484903325192,3.4758552854289224,3.701582532456348,-1.8107306867169437,0.2454805295219875
8,5.513023376464844,5.532155942399082,2.825610655044347,1.5640596015912644,0.7857785899157815,1685537225.0,634421110.0,4.242651617494754,6.195340442999999,-0.23810858652328287,1.0,1685537225.0,764128446.0,-1.2895043249043274,3.3697297879556523,3.6080327392891838,-1.8021681881145473,0.21422141008421847
9,6.049653768539429,5.710954080794151,2.989309400137565,1.579969944299792,0.8054555091195029,1685537225.0,739683628.0,4.117374434960725,6.7031775793333335,-0.2553078861564014,1.0,1685537226.0,284669239.6666667,-1.593579645833426,3.7138681791957686,4.041325641427263,-1.8352778304561934,0.19454449088049708
10,6.0748209953308105,5.920710805580549,3.0983278118388484,1.6029165314431235,0.8175195892322843,1685537226.0,124655961.0,4.114455582955311,6.714601723666666,-0.2556887549960963,1.0,1685537226.0,321291843.3333333,-1.8062552226252375,3.6162739118278178,4.042275959732018,-1.8586052864392197,0.1824804107677157
11,6.181279420852661,5.974802368490719,3.193669554447929,1.597896264897895,0.8280143263753853,1685537226.0,304220199.0,4.096286971911933,6.785125899500001,-0.25803057691027587,1.0,1685537226.0,401198148.0,-1.878515396578786,3.5914563450520713,4.053070289743115,-1.855926841808171,0.1719856736246147
12,6.620089054107666,5.957965034768782,3.124847173045905,1.5004121366546703,0.8165948175431549,1685537226.0,409775972.0,3.966079105203848,7.274686623,-0.27402183144389763,1.0,1685537226.0,852749109.0,-1.9918859295649343,4.149839449954095,4.603126873853693,-1.774433968098568,0.18340518245684512
13,6.830986261367798,5.7776369777291885,3.133447931514369,1.4053710311369163,0.82938404437705,1685537226.0,693259954.0,3.9024077715736647,7.503835487499999,-0.28132157408692116,1.0,1685537227.0,63184618.5,-1.8752292061555238,4.37038755598563,4.755709407137144,-1.6866926052238376,0.17061595562294996
14,6.973080158233643,5.842101725563003,3.417677690862025,1.4044931444948163,0.8661041439018624,1685537227.0,42586088.0,3.85970286328142,7.6544454575,-0.2860579306040725,1.0,1685537227.0,231104135.0,-1.982398862281583,4.236767766637975,4.677617594203041,-1.6905510750988888,0.1338958560981376
15,7.116493463516235,5.917427220526321,3.615563188280705,1.4053404049617202,0.8917802731146146,1685537227.0,200786352.0,3.8220988918835235,7.784931071666667,-0.2901166258487698,1.0,1685537227.0,358894109.0,-2.0953283286427973,4.169367883385961,4.66626503231689,-1.69545703081049,0.10821972688538539
16,7.211201906204224,5.854984456298681,3.446323987550893,1.353421725594494,0.8423297618403228,1685537227.0,348174095.0,3.811974973214032,7.819762198333333,-0.2911935425307109,1.0,1685537227.0,404080152.0,-2.043009483084649,4.37343821078244,4.827095351399816,-1.6446152681252049,0.15767023815967718
17,7.501725673675537,5.790025206374234,3.49858052009999,1.3351684208594592,0.8437252896418732,1685537227.0,420941114.0,3.7130035896066658,8.1538689615,-0.301378744158737,1.0,1685537227.0,713579415.5,-2.0770216167675684,4.65528844140001,5.097619961232134,-1.6365471650181962,0.1562747103581268
18,7.641643047332764,5.811607611180117,3.5543703291870004,1.328355730945859,0.8457767483325366,1685537227.0,726876974.0,3.674560540990867,8.280600476500002,-0.3051698710516184,1.0,1685537227.0,850226283.0,-2.13704707018925,4.726230147313002,5.186927952610749,-1.6335256019974773,0.15422325166746342
19,8.035140991210938,5.878025397727409,3.596659166603627,1.328355730945859,0.8457767483325366,1685537227.0,830025434.0,3.548055617424277,8.687176156500001,-0.3170643442454702,1.0,1685537228.0,275392174.0,-2.329969780303132,5.090516989896374,5.598403558296728,-1.645420075191329,0.15422325166746342
20,8.22825026512146,5.90399936079471,3.689956971624237,1.32119318050845,0.8548103725497035,1685537228.0,248122930.0,3.4774616255736763,8.907606292,-0.3233356174903889,1.0,1685537228.0,472072958.5,-2.426537735221034,5.217649320375763,5.754298376941301,-1.644528797998839,0.1451896274502965
21,8.414369106292725,5.864358584211347,3.818104553240587,1.3010636749338116,0.8710752246351849,1685537228.0,452570199.0,3.410511662502353,9.112673926500001,-0.3290510677068404,1.0,1685537228.0,716336369.0,-2.453846921708994,5.294569373259414,5.835565916296147,-1.630114742640652,0.12892477536481506
22,8.705399513244629,5.834507526846508,3.8628460863156193,1.287601636549576,0.8556827753985307,1685537228.0,633758306.0,3.362485918165443,9.257789779,-0.33303315234061376,1.0,1685537228.0,869637370.0,-2.472021608681065,5.394943692684381,5.934333010627319,-1.6206347888901897,0.14431722460146934
23,8.754873752593994,5.869786951017823,3.785065662551989,1.2838964667630657,0.8252347355761682,1685537228.0,898424625.0,3.3261076974113126,9.366667557,-0.33598682325813245,1.0,1685537228.0,939823508.0,-2.5436792536065105,5.58160189444801,6.133888151355043,-1.6198832900211981,0.17476526442383178
24,9.045027732849121,5.933981774355976,3.826327399330798,1.2838964667630657,0.8252347355761682,1685537228.0,972333192.0,3.2085338547842666,9.711226392,-0.3450824110197992,1.0,1685537229.0,334574102.5,-2.7254479195717094,5.884898992669203,6.485376050485952,-1.6289788777828649,0.17476526442383178
25,9.639338254928589,5.908105699809703,3.855944252141621,1.267709750891315,0.8231420238060342,1685537229.0,285315990.0,3.003773956129747,10.2924407005,-0.3597212395277454,1.0,1685537229.0,888960599.5,-2.9043317436799554,6.43649644835838,7.061418370772056,-1.6274309904190605,0.17685797619396582
26,10.253122329711914,5.838273824979296,3.836260016591692,1.2494081903969685,0.8000600181456554,1685537229.0,868759155.0,2.834998861213904,10.754800487,-0.370668860019324,1.0,1685537230.0,384794950.0,-3.0032749637653917,6.918540470408309,7.5422717233375804,-1.6200770504162925,0.19993998185434458
27,10.604520320892334,5.86202318654896,3.808253112704802,1.244323964459941,0.7760957383819319,1685537230.0,442160129.0,2.6622089283866344,11.2145396945,-0.3809056559811329,1.0,1685537230.0,813795924.0,-3.1998142581623257,7.406286581795198,8.067954649006062,-1.625229620441074,0.2239042616180681
28,10.818524837493896,5.906397717148819,3.892192267708213,1.2417149057112378,0.7826959183878002,1685537230.0,746518373.0,2.579913971170454,11.429246235,-0.3854611432349304,1.0,1685537231.0,28679449.666666668,-3.3264837459783645,7.537053967291788,8.238487520056527,-1.6271760489461682,0.21730408161219983
29,10.89306092262268,5.940869240544344,3.818099267146073,1.2374359445015872,0.7621057863366486,1685537231.0,24378061.0,2.5627844819268297,11.47363143,-0.38638560597730265,1.0,1685537231.0,56821981.333333336,-3.378084758617514,7.655532162853927,8.367713506860454,-1.62382155047889,0.2378942136633514
30,11.147706270217896,6.002741037769424,3.856204556462905,1.2374359445015872,0.7621057863366486,1685537231.0,80696344.0,2.4938674364296602,11.651197123500001,-0.3900246180562311,1.0,1685537231.0,276791333.5,-3.508873601339764,7.794992567037096,8.548339199537104,-1.6274605625578182,0.2378942136633514
31,11.18692398071289,6.008812457575955,3.880866102852381,1.2291166245199483,0.7591672713636621,1685537231.0,338601827.0,2.4421913286085175,11.7831272365,-0.3926547732794645,1.0,1685537231.0,419860839.5,-3.566621128967437,7.902261133647619,8.669862588412501,-1.6217713977994128,0.24083272863633787
32,11.412835121154785,6.094612942961436,3.982757958272268,1.2329152358044582,0.7691431158351024,1685537231.0,419216156.0,2.3419958563036434,12.036745993333334,-0.3975718753631131,1.0,1685537231.0,597332318.0,-3.7526170866577924,8.053988035061066,8.88531700436078,-1.6304871111675712,0.23085688416489758
33,11.412837266921997,6.120523999733715,4.070608037113777,1.2269058655030196,0.7774493370485527,1685537231.0,620581388.0,2.3216706544949757,12.087806590666666,-0.3985363155096976,1.0,1685537231.0,648183504.0,-3.798853345238739,8.01719855355289,8.871683007508896,-1.6254421810127173,0.22255066295144732
34,11.640742301940918,6.181869293008866,4.109480503966204,1.2269058655030196,0.7774493370485527,1685537231.0,679431915.0,2.254275923109048,12.2562954905,-0.401662173057887,1.0,1685537231.0,820591449.5,-3.9275933698998178,8.146814986533794,9.044146399970128,-1.6285680385609065,0.22255066295144732
35,11.935004472732544,6.197962564780514,4.185168045764165,1.2181888080820504,0.784541155526378,1685537231.0,857769012.0,2.1456687363672247,12.525038171,-0.4064485921161811,1.0,1685537232.0,139287828.5,-4.05229382841329,8.339870125235835,9.272244549061334,-1.6246374001982316,0.21545884447362196
36,12.17542839050293,6.19733326369832,4.275540474466909,1.209788344508723,0.7894005865670746,1685537232.0,162484645.0,2.055371908165867,12.7461132285,-0.41020568215906383,1.0,1685537232.0,382447004.0,-4.141961355532453,8.470572754033093,9.42902151085106,-1.6199940266677868,0.21059941343292543
37,12.525039672851562,6.212274917685699,4.409748799248614,1.2011859427126814,0.8072933836008683,1685537232.0,382619142.0,1.9101165611134208,13.0977796795,-0.41585519010295746,1.0,1685537232.0,654302716.0,-4.302158356572278,8.688030880251386,9.694867049177434,-1.6170411328156389,0.19270661639913167
38,12.52537226676941,6.272334214821333,4.450113468428658,1.2011859427126814,0.8072933836008683,1685537232.0,731595277.0,1.8601363503249737,13.2177997115,-0.4176970895615354,1.0,1685537232.0,779359698.0,-4.41219786449636,8.767686243071342,9.815284613927846,-1.618883032274217,0.19270661639913167
39,12.903388500213623,6.332393511956967,4.490478137608701,1.2011859427126814,0.8072933836008683,1685537232.0,788575410.0,1.7402199875240212,13.503459660333332,-0.4218637460376123,1.0,1685537233.0,82107781.66666667,-4.592173524432946,9.012981522724631,10.115428493518133,-1.6230496887502937,0.19270661639913167
40,12.903392553329468,6.245001388402527,4.465049467719761,1.168248585860596,0.7829072967574041,1685537233.0,54316520.0,1.7320872960427245,13.522731431666667,-0.4221347625725672,1.0,1685537233.0,110842227.33333334,-4.512914092359803,9.057681963946905,10.119683600045446,-1.5903833484331633,0.21709270324259589
41,13.192174911499023,6.303413817695557,4.504194832557632,1.168248585860596,0.7829072967574041,1685537233.0,110795259.0,1.632964357709533,13.7565479755,-0.4253098534361979,1.0,1685537233.0,335446357.0,-4.670449459986024,9.252353142942368,10.364320375210294,-1.5935584392967939,0.21709270324259589
42,13.389683246612549,6.312586532593108,4.561739715603293,1.158870165914365,0.7864117526763612,1685537233.0,396718502.0,1.5390468884276016,13.9767127515,-0.428148089842806,1.0,1685537233.0,594724655.0,-4.773539644165506,9.414973035896706,10.555965043570472,-1.587018255757171,0.2135882473236388
43,13.589521408081055,6.307998084490451,4.672368700331702,1.1462610898926433,0.8007905287732524,1685537233.0,619128942.0,1.429600352602327,14.2314408305,-0.431213734846695,1.0,1685537233.0,821638464.5,-4.878397731888123,9.5590721301683,10.731944111867685,-1.5774748247393382,0.1992094712267476
44,14.116454362869263,6.263926539117279,4.834158583597346,1.124678156247531,0.8267089609226305,1685537233.0,803800582.0,1.268475650382711,14.60329227475,-0.43527511926690493,1.0,1685537234.0,182493328.25,-4.9954508887345686,9.769133691152653,10.972260599228076,-1.5599532755144359,0.17329103907736954
45,14.116466760635376,6.205522445471948,4.711522938762979,1.1087583631551845,0.784297628116373,1685537234.0,118871688.0,1.258810328086378,14.625485706500001,-0.4355014127716106,1.0,1685537234.0,226510285.5,-4.94671211738557,9.913962767737022,11.079558589238342,-1.544259775926795,0.21570237188362695
46,14.116470336914062,6.260960363629708,4.750737820168798,1.1087583631551845,0.784297628116373,1685537234.0,164305925.0,1.2491450057900453,14.64767913825,-0.43572770627631624,1.0,1685537234.0,270527242.75,-5.011815357839663,9.896941318081202,11.093590069703334,-1.5444860694315008,0.21570237188362695
47,14.221756219863892,6.246179700567222,4.818812092708934,1.0953246543831552,0.7898187971445607,1685537234.0,244576930.0,1.2139700487309664,14.728271691,-0.43652222585438394,1.0,1685537234.0,358512957.0,-5.032209651836255,9.909459598291065,11.113978743465227,-1.5318468802375391,0.2101812028554393
48,14.221759557723999,6.283815570503356,4.924854662628583,1.0918574141538466,0.8032890599756063,1685537234.0,405814886.0,1.1884604139682202,14.786670812,-0.437090451927746,1.0,1685537234.0,402481714.0,-5.0953551565351365,9.861816149371418,11.10036314429542,-1.5289478660815927,0.1967109400243937
49,14.282876968383789,6.338408441211048,4.965019115627364,1.0918574141538466,0.8032890599756063,1685537234.0,462373733.0,1.1498582746164865,14.8749657155,-0.4379371235673966,1.0,1685537234.0,481836199.0,-5.1885501665945615,9.909946599872637,11.186066978326014,-1.5297945377212432,0.1967109400243937
50,14.397519588470459,6.3930013119187405,5.005183568626144,1.0918574141538466,0.8032890599756063,1685537234.0,517162322.0,1.119644462499934,14.943884738333335,-0.4385667729157494,1.0,1685537234.0,578510125.0,-5.273356849418807,9.93870116970719,11.251047657976182,-1.530424187069596,0.1967109400243937
51,14.464706659317017,6.474888550152225,5.148692456069819,1.0982735772907184,0.8275825245543192,1685537234.0,572057008.0,1.1025231549723693,14.982907978666667,-0.4389179766978137,1.0,1685537234.0,639798323.0,-5.372365395179855,9.834215522596848,11.205985225950052,-1.5371915539885321,0.17241747544568076
52,14.561723947525024,6.529802229016761,5.190071582297535,1.0982735772907184,0.8275825245543192,1685537234.0,687512397.0,1.0393479039310516,15.126560497500002,-0.44015005090903125,1.0,1685537234.0,750598788.0,-5.490454325085709,9.936488915202467,11.35248433858395,-1.5384236281997496,0.17241747544568076
53,14.771016597747803,6.493478065214344,5.306210675742624,1.074947280565932,0.8466960100058925,1685537234.0,795182943.0,0.9262360148587805,15.383023786999999,-0.4422095017511998,1.0,1685537234.0,946566700.5,-5.5672420503555635,10.076813111257376,11.512443117186542,-1.5171567823171317,0.15330398999410755
54,15.011820793151855,6.416342481491797,5.360856167844993,1.0401872435106427,0.8499654970064371,1685537234.0,970631837.0,0.7897517079659163,15.690888531999999,-0.44434610639542627,1.0,1685537235.0,275971888.6666667,-5.626590773525881,10.330032364155006,11.762996743058991,-1.4845333499060689,0.1500345029935629
55,15.040087461471558,6.339519643139454,5.337966463336554,1.0257025312982422,0.8252243533431484,1685537235.0,243103504.0,0.7732809832758054,15.727945773,-0.44458069115291327,1.0,1685537235.0,312792777.3333333,-5.566238659863648,10.389979309663445,11.787055733888558,-1.4702832224511555,0.17477564665685164
56,15.294705390930176,6.390804769704366,5.379227681003711,1.0257025312982422,0.8252243533431484,1685537235.0,296753168.0,0.6725862722760694,15.9540957695,-0.4459052642304414,1.0,1685537235.0,579758644.0,-5.718218497428297,10.574868088496288,12.021890777803144,-1.4716077955286835,0.17477564665685164
57,15.454261302947998,6.406179088798925,5.298239156756432,1.033433695182742,0.7942211458561972,1685537235.0,454140901.0,0.6276635026924825,16.054767497666667,-0.44643123156799064,1.0,1685537235.0,672423203.6666666,-5.778515586106443,10.756528340910235,12.210411308702101,-1.4798649267507327,0.20577885414380281
58,15.473349809646606,6.445599878068275,5.398348733062339,1.030695625732878,0.8077201867928082,1685537235.0,684591770.0,0.6055179951014115,16.104358641333334,-0.4466789125357268,1.0,1685537235.0,694382826.3333334,-5.840081882966863,10.706009908270996,12.195294361176959,-1.477374538268605,0.19227981320719179
59,15.942152976989746,6.497134659354918,5.438734742401979,1.030695625732878,0.8077201867928082,1685537235.0,738916397.0,0.43347383880967083,16.4888005735,-0.44830291624966623,1.0,1685537236.0,77461004.0,-6.063660820545247,11.05006583109802,12.604441178339302,-1.4789985419825444,0.19227981320719179
60,16.063931941986084,6.418550888813251,5.45511253705323,1.0168099885720263,0.8028010489221475,1685537236.0,81806898.0,0.32122877693471774,16.738947797,-0.4490634038188577,1.0,1685537236.0,324791431.0,-6.097322111878533,11.283835259946772,12.825844031081187,-1.465873392390884,0.19719895107785246
61,16.168518781661987,6.361639245917676,5.424322680274934,1.0082894943165617,0.7906956755098756,1685537236.0,295381784.0,0.28143261904551453,16.8275541545,-0.4492852707132168,1.0,1685537236.0,399720072.0,-6.080206626872162,11.403231474225066,12.922948606266965,-1.4575747650297783,0.20930432449012437
62,16.29720449447632,6.409037003405424,5.547866133014258,1.007690539401958,0.8073751987601251,1685537236.0,402103185.0,0.25614153325237576,16.883837867,-0.4494075645169028,1.0,1685537236.0,455792307.0,-6.152895470153048,11.335971733985742,12.898154047008184,-1.4570981039188609,0.1926248012398749
63,16.29728603363037,6.361657867957546,5.658319511637461,0.9873066900616826,0.8219879318862834,1685537236.0,462158918.0,0.23568086581234152,16.929362027,-0.44949885729269046,1.0,1685537236.0,532163301.3333333,-6.125977002145205,11.271042515362538,12.828249826610092,-1.436805547354373,0.17801206811371661
64,16.365070104599,6.324853168999633,5.828998257703798,0.9684718989277138,0.850311002965115,1685537236.0,526340723.0,0.22840698486996067,16.945543655,-0.44952927161375494,1.0,1685537236.0,573495943.6666666,-6.096446184129673,11.116545397296203,12.678495086016188,-1.4180011705414688,0.14968899703488503
65,16.558218717575073,6.373276763946019,5.871513807852054,0.9684718989277138,0.850311002965115,1685537236.0,563524723.0,0.13786570989092584,17.146881032,-0.449822428060748,1.0,1685537236.0,705884813.5,-6.235411054055093,11.275367224147946,12.88465199578251,-1.4182943269884618,0.14968899703488503
66,16.603759050369263,6.344332594371255,5.965867337374126,0.9500153331698564,0.8626772782606322,1685537236.0,732328414.0,0.09720908739135481,17.237257886000002,-0.4499132191715015,1.0,1685537236.0,800222157.5,-6.2471235069799,11.271390548625876,12.886845890717929,-1.399928552341358,0.13732272173936777
67,16.618151426315308,6.391833361029748,6.009001201287158,0.9500153331698564,0.8626772782606322,1685537236.0,835250377.0,0.0764722813667124,17.283347177666666,-0.4499465097956079,1.0,1685537236.0,877882241.3333334,-6.315361079663036,11.274345976379507,12.922641477717606,-1.3999618429654643,0.13732272173936777
68,16.626715183258057,6.43933412768824,6.05213506520019,0.9500153331698564,0.8626772782606322,1685537236.0,851388454.0,0.0695812463326478,17.298662233333335,-0.4499555689210397,1.0,1685537236.0,924604176.6666666,-6.369752881355592,11.246527168133145,12.925096715812025,-1.3999709020908961,0.13732272173936777
69,16.834063053131104,6.486834894346733,6.095268929113222,0.9500153331698564,0.8626772782606322,1685537236.0,877314090.0,0.028718924569528945,17.3894708635,-0.44998218988031435,1.0,1685537236.5,513576149.5,-6.458115969777204,11.29420193438678,13.010236708599788,-1.3999975230501707,0.13732272173936777
70,16.990116596221924,6.43307570691099,6.079227237090666,0.9490008323725828,0.8440203713916586,1685537237.0,32793283.0,-0.0704298521487211,17.6098113535,-0.4499470888246664,1.0,1685537237.0,206107616.0,-6.503505559059711,11.530584116409333,13.238200580981985,-1.3989479211972493,0.15597962860834136
71,17.098734140396118,6.403149693720533,6.180052508790829,0.9304027800744442,0.858111254266884,1685537237.0,193679332.0,-0.11280022501862269,17.7039816855,-0.4498841582947164,1.0,1685537237.0,306903481.0,-6.515949918739156,11.52392917670917,13.238525107175864,-1.3802869383691605,0.14188874573311605
72,17.299401998519897,6.405158057037667,6.3320838891222735,0.9193014824714008,0.8853273821087346,1685537237.0,274464845.0,-0.21421471075210125,17.929472613500003,-0.44958525449394116,1.0,1685537237.0,496689438.5,-6.619372767789768,11.59738872437773,13.35348348047357,-1.368886736965342,0.11467261789126537
73,17.368996143341064,6.274365670237435,6.313722283657208,0.906539344612316,0.8636533346701678,1685537237.0,510443210.0,-0.24286384676317396,17.993204999,-0.4494666756057367,1.0,1685537237.0,593433975.5,-6.517229517000609,11.679482715342791,13.37477465512055,-1.3560060202180528,0.1363466653298322
74,17.593143939971924,6.319692637468051,6.3569049503907165,0.906539344612316,0.8636533346701678,1685537237.0,595116138.0,-0.30926776295841485,18.141029048,-0.4491148848544731,1.0,1685537237.0,745475411.0,-6.6289604004264655,11.784124097609283,13.52067663759022,-1.355654229466789,0.1363466653298322
75,18.051427841186523,6.3766874472688135,6.5684451480448764,0.9093119691900592,0.9036600647295074,1685537237.0,812249898.0,-0.5276810805940311,18.628125477,-0.44747915758152956,1.0,1685537238.0,237841526.33333334,-6.904368527862845,12.059680328955125,13.89626548411947,-1.3567911267715886,0.09633993527049256
76,18.104332447052002,6.173860917933464,6.552379390244109,0.8806101978535223,0.8815973861763828,1685537238.0,274711132.0,-0.5483181517440534,18.67425375,-0.44727813733837113,1.0,1685537238.0,295804579.6666667,-6.722179069677518,12.12187435975589,13.86100751888252,-1.3278883351918935,0.11840261382361716
77,18.247708559036255,6.21789142782614,6.596459259552929,0.8806101978535223,0.8815973861763828,1685537238.0,337603569.0,-0.6525645926905338,18.9075897215,-0.44614944842934634,1.0,1685537238.0,471049785.0,-6.870456020516674,12.31113046194707,14.098478612280648,-1.3267596462828686,0.11840261382361716
78,18.414509534835815,6.220957748187303,6.580238327144404,0.8990520658639475,0.8642908037467258,1685537238.0,477307558.0,-0.6827345728824676,18.975254027,-0.4457795671055935,1.0,1685537238.0,541373729.3333334,-6.90369232106977,12.395015699855595,14.187930852089194,-1.344831632969541,0.13570919625327416
79,18.414512157440186,6.2659103514805,6.62345286733174,0.8990520658639475,0.8642908037467258,1685537238.0,618671178.0,-0.7000519051720939,19.014110454,-0.4455619580351864,1.0,1685537238.0,586843251.6666666,-6.965962256652594,12.390657586668262,14.214535714935197,-1.3446140238991338,0.13570919625327416
80,18.62335753440857,6.2006354479367305,6.947243999051154,0.8638855095988129,0.9180812407223216,1685537238.0,795926094.0,-0.7895071400749015,19.215134827333333,-0.44435256554926644,1.0,1685537238.0,806570370.6666666,-6.990142588011632,12.26789082828218,14.119604766967948,-1.3082380751480793,0.08191875927767844
81,18.623361110687256,6.243829723416671,6.99314806108727,0.8638855095988129,0.9180812407223216,1685537238.0,804052829.0,-0.8001798851691364,19.239157565666666,-0.44419790103350865,1.0,1685537238.0,816419521.3333334,-7.0440096085858075,12.246009504579396,14.127378389216382,-1.3080834106323216,0.08191875927767844
82,18.751999139785767,6.287023998896612,7.039052123123386,0.8638855095988129,0.9180812407223216,1685537238.0,853144407.0,-0.8781084104398051,19.414836215999998,-0.44300161544260186,1.0,1685537238.5,490647077.0,-7.165132409336417,12.37578409287661,14.30032007882414,-1.3068871250414147,0.08191875927767844
83,19.00091814994812,6.298790099779825,7.039277280542729,0.8846193123714011,0.9006240613526765,1685537238.0,966918706.0,-0.9530547745947389,19.584266233500003,-0.44174208673297866,1.0,1685537239.0,238007783.5,-7.251844874374564,12.544988952957274,14.490203653220775,-1.3263613991043797,0.09937593864732353
84,19.121668338775635,6.221086597198223,7.125385867684362,0.857115878535036,0.909889440795637,1685537239.0,172951459.0,-1.0520708828081418,19.808848031666667,-0.4399225799143517,1.0,1685537239.0,374110777.6666667,-7.273157480006365,12.683462163982306,14.620842390031543,-1.2970384584493877,0.09011055920436295
85,19.121684551239014,6.263942391124975,7.170880339724144,0.857115878535036,0.909889440795637,1685537239.0,325737476.0,-1.0644839346074846,19.837072102333334,-0.43968064068294255,1.0,1685537239.0,413607994.3333333,-7.32842632573246,12.66619176260919,14.633463232566562,-1.2967965192179784,0.09011055920436295
86,19.348266124725342,6.332658615934853,7.235039219732334,0.8826419771250673,0.8969809201682003,1685537239.0,513192653.0,-1.1422789906335062,20.014322646666667,-0.43809653725067493,1.0,1685537239.0,575549840.0,-7.474937606568359,12.779283426934333,14.804890311245417,-1.3207385143757422,0.1030190798317997
87,19.45654273033142,6.376790714791106,7.279888265740744,0.8826419771250673,0.8969809201682003,1685537239.0,542772054.0,-1.1544504326355711,20.04211327233333,-0.43783803446979913,1.0,1685537239.0,604959487.0,-7.531241147426677,12.762225006592587,14.81870373344409,-1.3204800115948665,0.1030190798317997
88,19.587114572525024,6.420922813647359,7.324737311749153,0.8826419771250673,0.8969809201682003,1685537239.0,600275516.0,-1.232671905236036,20.221113173666666,-0.43610807328899204,1.0,1685537239.0,810860156.3333334,-7.6535947188833955,12.896375861917512,14.996467000356066,-1.3187500504140592,0.1030190798317997
89,19.69210410118103,6.422442510775678,7.483741579793494,0.8723353130169815,0.9245916504250914,1685537239.0,723282098.0,-1.2433293920249435,20.245557674333334,-0.43586294770696715,1.0,1685537239.0,834195374.6666666,-7.665771902800621,12.761816094539839,14.88717598796439,-1.3081982607239486,0.0754083495749086
90,19.88342833518982,6.3943451677344445,7.625031438521627,0.8543585254232335,0.9484206908348586,1685537239.0,848212957.0,-1.3627327240907698,20.5203929425,-0.43296375470113085,1.0,1685537240.0,122316002.5,-7.757077891825214,12.895361503978371,15.048674550874267,-1.2873222801243644,0.05157930916514142
91,20.218754053115845,6.290091920325265,7.722155241139975,0.8162293691340657,0.9613152235826136,1685537240.0,63538789.0,-1.4917067971686455,20.81947248,-0.4295039473931187,1.0,1685537240.0,419620036.5,-7.781798717493911,13.097317238860025,15.234700854789695,-1.2457333165271844,0.038684776417386435
92,20.389649629592896,6.349069939140784,7.593932144013529,0.853748674942874,0.9090216519121628,1685537240.0,434730768.0,-1.5376788448322678,20.926720786,-0.42818216073014076,1.0,1685537240.0,534170508.0,-7.886748783973052,13.332788641986472,15.490773362017272,-1.2819308356730148,0.09097834808783722
93,20.574076175689697,6.307489899049546,7.725637225881359,0.8340009724042455,0.929234887729125,1685537240.0,564693689.0,-1.6172539855789485,21.113040495,-0.42580571030050746,1.0,1685537240.0,730620264.5,-7.924743884628494,13.387403269118641,15.557124796277916,-1.259806682704753,0.07076511227087501
94,20.80870485305786,6.349189947669759,7.772098970267815,0.8340009724042455,0.929234887729125,1685537240.0,805991411.0,-1.7680460695426072,21.46915679,-0.42092571070467205,1.0,1685537241.0,27958512.0,-8.117236017212367,13.697057819732184,15.92164920717123,-1.2549266831089176,0.07076511227087501
95,21.14458131790161,6.227126218086742,7.882674835479428,0.7927580389834475,0.9453816476875052,1685537241.0,37608623.0,-1.8739227102222524,21.7219412805,-0.41718366915364935,1.0,1685537241.0,296053409.0,-8.101048928308995,13.839266445020574,16.035968616679465,-1.209941708137097,0.05461835231249479
96,21.14552092552185,6.185956492939102,7.903581039781613,0.8124013515916877,0.9268174449637254,1685537241.0,272385835.0,-1.8960824152741083,21.775161314,-0.41636627663552894,1.0,1685537241.0,344558477.0,-8.08203890821321,13.871580274218388,16.054285789718485,-1.2287676282272166,0.07318255503627458
97,21.14682912826538,6.226576560518686,7.949921912029799,0.8124013515916877,0.9268174449637254,1685537241.0,344481468.0,-1.918242120325964,21.8283813475,-0.41554888411740853,1.0,1685537241.0,393063545.0,-8.14481868084465,13.8784594354702,16.091914356155012,-1.2279502357090961,0.07318255503627458
98,21.301563501358032,6.294882582712061,7.843118583789693,0.8466019039947303,0.8874673499573469,1685537241.0,383756875.0,-1.9522098253711824,21.910103726499997,-0.4142807858833507,1.0,1685537241.0,485585331.5,-8.247092408083244,14.066985142710305,16.306274994390865,-1.260882689878081,0.11253265004265312
99,21.44474458694458,6.272369640192446,8.151495787123503,0.832785957169529,0.943717998999195,1685537241.0,508153676.0,-2.015988693741935,22.064586568000003,-0.4117919438863713,1.0,1685537241.0,667676329.0,-8.288358333934381,13.9130907808765,16.194782460675725,-1.2445779010559002,0.05628200100080505
100,21.949859857559204,6.17145343886103,8.29821105538045,0.8010618550016428,0.9658671259484828,1685537241.0,669043779.0,-2.2474860309270985,22.63338057975,-0.40197126775083747,1.0,1685537242.0,204473614.0,-8.418939469788128,14.33516952436955,16.624548928869316,-1.2030331227524802,0.034132874051517215
101,21.949861764907837,6.226517550945395,8.182794790544502,0.8302097259996603,0.921932560104081,1685537242.0,23895502.0,-2.259534584882301,22.663394975499997,-0.40142193202770227,1.0,1685537242.0,234131574.0,-8.486052135827697,14.480600184955495,16.783946573095342,-1.2316316580273625,0.07806743989591902
102,21.94986367225647,6.1225887771107015,8.298122798429286,0.7998332571832633,0.9363922379797852,1685537242.0,101883172.0,-2.2715831388375043,22.69340937125,-0.40087259630456706,1.0,1685537242.0,263789534.0,-8.394171915948206,14.395286572820712,16.66392503788126,-1.2007058534878303,0.06360776202021479
103,22.124096870422363,6.096687808509057,8.475123973501995,0.7854217908495083,0.964864423311609,1685537242.0,182005643.0,-2.3006054927341397,22.765907812000002,-0.3995315706023808,1.0,1685537242.0,347188949.0,-8.397293301243197,14.290783838498006,16.575314099762323,-1.184953361451889,0.03513557668839096
104,22.322721004486084,6.026784189708243,8.61829257992123,0.7604624061912792,0.9865661456274276,1685537242.0,333128452.0,-2.36597640692721,22.930170941500002,-0.396426391894928,1.0,1685537242.0,515652775.5,-8.392760596635453,14.311878361578772,16.59121130807101,-1.1568887980862073,0.013433854372572385
105,22.457403421401978,5.811162591448698,8.858250547871975,0.7013038347270097,1.0311822216126478,1685537242.0,513934373.0,-2.4295230573110853,23.091075468,-0.39330293756212625,1.0,1685537242.0,664922714.0,-8.240685648759783,14.232824920128024,16.446343215702775,-1.094606772289136,-0.03118222161264783
106,22.53981876373291,5.841432196321216,9.00626253935968,0.7001114036843505,1.055165398649579,1685537242.0,672556400.0,-2.4825127941337954,23.2262566565,-0.3906142277663231,1.0,1685537242.0,797450303.5,-8.323944990455011,14.219994117140319,16.477144561350013,-1.0907256314506737,-0.055165398649579034
107,22.646592617034912,5.876437766505433,9.05902080929216,0.7001114036843505,1.055165398649579,1685537242.0,771463394.0,-2.5026991590528427,23.2779987335,-0.3895698850263488,1.0,1685537242.0,851142048.5,-8.379136925558274,14.218977924207838,16.504219727886685,-1.0896812887106995,-0.055165398649579034
108,23.024741649627686,5.880815935771948,9.014415741514156,0.7324274257022847,1.0067910081866296,1685537242.0,870757341.0,-2.6363939822618967,23.624521899,-0.3823480274959883,1.0,1685537243.0,188474654.5,-8.517209918033846,14.610106157485845,16.911477366595147,-1.114775453198273,-0.006791008186629588
109,23.073243856430054,5.836022749871306,8.99440159603381,0.7447789204145784,0.9761581294128524,1685537243.0,177219152.0,-2.6891735907436263,23.763021755,-0.3793650884540048,1.0,1685537243.0,328333258.0,-8.525196340614933,14.76862015896619,17.052598454366326,-1.1241440088685832,0.023841870587147596
110,23.227998971939087,5.78972385032169,9.112284045156596,0.727036724197449,0.9908285351550112,1685537243.0,306264877.0,-2.7287843210407194,23.8676682,-0.3770731918059308,1.0,1685537243.0,458848952.5,-8.51850817136241,14.755384154843405,17.03779161225339,-1.1041099160033798,0.009171464844988764
111,23.342533349990845,5.7936123690292405,9.2972648182209,0.7198101765344393,1.0209782230746507,1685537243.0,412060499.0,-2.7534812816133574,23.933367777333334,-0.3756105328400572,1.0,1685537243.0,517883220.6666667,-8.547093650642598,14.636102959112435,16.94899170164983,-1.0954207093744965,-0.020978223074650693
112,23.34700345993042,5.665828475191832,9.450198951109618,0.6816761477497489,1.0447016738409134,1685537243.0,555669307.0,-2.768544406739435,23.973518419666668,-0.3747125868887484,1.0,1685537243.0,550731976.3333334,-8.434372881931267,14.52331946855705,16.79480438401191,-1.0563887346384973,-0.04470167384091339
113,23.522675275802612,5.699912282579319,9.502434034801665,0.6816761477497489,1.0447016738409134,1685537243.0,581018209.0,-2.843638457934105,24.175086188500003,-0.3701340838637964,1.0,1685537243.0,740510105.5,-8.543550740513425,14.672652153698339,16.978780300102713,-1.0518102316135454,-0.04470167384091339
114,23.75831365585327,5.733996089966807,9.554669118493708,0.6816761477497489,1.0447016738409134,1685537243.0,751085042.0,-2.9036630501799015,24.338172603,-0.36633402035608714,1.0,1685537243.0,929685234.5,-8.637659140146708,14.783503484506292,17.12194879964806,-1.048010168105836,-0.04470167384091339
115,23.972094535827637,5.794578495951553,9.546840030913309,0.7216415178445454,1.0053959856920596,1685537243.0,944718837.0,-3.005963812062029,24.620051432,-0.3595852860525116,1.0,1685537244.0,189152479.0,-8.800542308013583,15.073211401086692,17.454261567221536,-1.081226803897057,-0.005395985692059568
116,24.115671634674072,5.846852937669943,9.477856808597227,0.7515704438497218,0.9640005781328648,1685537244.0,172008275.0,-3.07228202778404,24.805565881666666,-0.3550221220270268,1.0,1685537244.0,363014777.3333333,-8.919134965453983,15.327709073069439,17.733855586438022,-1.1065925658767486,0.03599942186713523
117,24.22273325920105,5.780573681772434,9.522047237480626,0.7298095668979548,0.963160463753988,1685537244.0,346612691.0,-3.084766027211953,24.840773153333334,-0.3541441853185845,1.0,1685537244.0,399710098.6666667,-8.865339708984386,15.318725915852708,17.699085056598626,-1.0839537522165394,0.036839536246011995
118,24.288349151611328,5.661495631042016,9.625544955289511,0.6956664023280239,0.9753060584441978,1685537244.0,424794435.0,-3.1068650644882685,24.903304445750003,-0.35257648943583203,1.0,1685537244.0,474204540.0,-8.768360695530285,15.277759490460491,17.61516631585623,-1.048242891763856,0.02469394155580218
119,24.36651301383972,5.696278951158416,9.674310258211722,0.6956664023280239,0.9753060584441978,1685537244.0,514729976.0,-3.116480102336671,24.9306284665,-0.35188673026152195,1.0,1685537244.0,512003660.0,-8.812759053495087,15.256318208288278,17.618739098116755,-1.0475531325895457,0.02469394155580218
120,24.36651635169983,5.60356923293677,9.69773130906341,0.6651676868862563,0.9692432400969422,1685537244.0,582939624.0,-3.1260951401850727,24.957952487249997,-0.3511969710872119,1.0,1685537244.0,549802780.0,-8.729664373121842,15.260221178186587,17.580710749981844,-1.0163646579734682,0.030756759903057818
121,24.504692554473877,5.59395363071864,9.904900672134922,0.6462171573015538,0.9966849426135552,1685537244.0,671559333.0,-3.1875391647303775,25.134211588,-0.34668314676182616,1.0,1685537244.0,736452936.5,-8.781492795449017,15.229310915865078,17.57971918685308,-0.9929003040633799,0.003315057386444775
122,24.646693468093872,5.626264488583717,9.9547349192656,0.6462171573015538,0.9966849426135552,1685537244.0,683175325.0,-3.2309314180075708,25.259766388000003,-0.3434267034022307,1.0,1685537244.0,850191950.5,-8.857195906591288,15.305031468734402,17.683153213912043,-0.9896438607037845,0.003315057386444775
123,24.682575464248657,5.611493301569824,10.156055927592124,0.633213048854208,1.0385257393757152,1685537244.0,843565464.0,-3.2815157217888107,25.407952356499997,-0.3395163200506036,1.0,1685537244.5,500016092.5,-8.893009023358633,15.251896428907873,17.655196237019595,-0.9727293689048117,-0.03852573937571524
124,25.043986797332764,5.643153954012534,10.207982214560907,0.633213048854208,1.0385257393757152,1685537244.0,901695966.0,-3.373546064600835,25.6820409775,-0.33212650184634596,1.0,1685537245.0,242262124.5,-9.016700018613369,15.474058762939094,17.909421370456236,-0.965339550700554,-0.03852573937571524
125,25.343892097473145,5.674814606455244,10.259908501529695,0.633213048854208,1.0385257393757152,1685537245.0,272026300.0,-3.4835950300472307,26.0180184125,-0.32279720537231327,1.0,1685537245.0,594776391.5,-9.158409636502475,15.758109910970303,18.226203527783888,-0.9560102542265213,-0.03852573937571524
126,25.620380878448486,5.585809895611918,10.131308557755036,0.6403803086610614,0.9710978938392156,1685537245.0,552797079.0,-3.5731106786327427,26.298783708000002,-0.3147732399625883,1.0,1685537245.0,871078490.5,-9.15892057424466,16.167475150244968,18.58152520163807,-0.9551535486236498,0.02890210616078437
127,26.126330375671387,5.624379772933166,10.058698805039835,0.673607184374827,0.9347384899960974,1685537245.0,823207378.0,-3.7075999578847227,26.7348019365,-0.30191713679176946,1.0,1685537246.0,345338821.0,-9.331979730817888,16.676103131460163,19.10963791774955,-0.9755243211665965,0.06526151000390257
128,26.39276361465454,5.472423343714699,10.13273382998238,0.6548986227699377,0.9401189535517036,1685537246.0,321351528.0,-3.790221350625384,27.0123383285,-0.29348848191294497,1.0,1685537246.0,592851519.0,-9.262644694340084,16.879604498517622,19.254029052641496,-0.9483871046828827,0.05988104644829639
129,26.509357452392578,5.402250083174132,10.201205660784463,0.6336579220985321,0.9445491751739088,1685537246.0,621151208.0,-3.8134241193946616,27.0917898895,-0.291040380632012,1.0,1685537246.0,692195415.0,-9.215674202568794,16.890584228715536,19.24111448422949,-0.9246983027305441,0.055450824826091205
130,26.684614181518555,5.372950711527165,10.150043996807758,0.645053226765824,0.924536571136468,1685537246.0,740812063.0,-3.8648945490894424,27.270410705,-0.28548412986161537,1.0,1685537246.0,844496726.5,-9.237845260616607,17.120366708192243,19.45365624457454,-0.9305373566274393,0.07546342886353197
131,26.718989610671997,5.2845822493378245,10.297693524836522,0.6212383934499167,0.9445609633136834,1685537246.0,876008272.0,-3.889962977568704,27.358497786999997,-0.2827206665417247,1.0,1685537246.0,917603373.0,-9.174545226906528,17.060804262163476,19.37119826423778,-0.9039590599916414,0.055439036686316556
132,26.839036226272583,5.31564416901032,10.344921573002203,0.6212383934499167,0.9445609633136834,1685537246.0,938114404.0,-3.9232451535358255,27.477030206000002,-0.2789693209327856,1.0,1685537247.0,40810465.5,-9.238889322546147,17.1321086329978,19.46448617680659,-0.9002077143827023,0.055439036686316556
133,26.952059745788574,5.329918895390364,10.304238878380197,0.6385151980484471,0.9284585045038232,1685537247.0,61943054.0,-3.9669524636443017,27.6352843525,-0.27390929697232835,1.0,1685537247.0,206844687.0,-9.296871359034665,17.331045474119804,19.66715419913231,-0.9124244950207755,0.07154149549617683
134,27.20252823829651,5.359326346554104,10.425735890096911,0.6380157555684111,0.9433475398980284,1685537247.0,180026054.0,-3.998939711158142,27.752830791500003,-0.27011786327165765,1.0,1685537247.0,338494419.5,-9.358266057712246,17.327094901403093,19.692774343122863,-0.9081336188400687,0.05665246010197156
135,27.343353748321533,5.348023103641384,10.605397831892311,0.6290095408248255,0.9709670578888788,1685537247.0,392384529.0,-4.0587986999462435,27.977762866,-0.2627722486448436,1.0,1685537247.0,574756264.0,-9.406821803587627,17.372365034107688,19.755691922145854,-0.8917817894696691,0.029032942111121174
136,27.674423933029175,5.337711244309955,10.79278570973465,0.619876366958989,1.0013304338619982,1685537247.0,513578176.0,-4.120771361879472,28.2170398715,-0.25484806891403794,1.0,1685537247.0,859801292.0,-9.458482606189428,17.424254161765347,19.825930654205994,-0.8747244358730268,-0.0013304338619981593
137,27.812052488327026,5.34497510398531,10.763084252701992,0.6357970658088882,0.9792638514176092,1685537247.0,853113412.0,-4.158076267240931,28.3649089815,-0.24988923995863874,1.0,1685537247.5,538535952.5,-9.503051371226242,17.601824728798007,20.003305205577654,-0.8856863057675269,0.020736148582390812
138,28.04974365234375,5.293793082966602,10.86509540646028,0.6185866831010314,0.9902672874796306,1685537247.0,983156919.0,-4.239329630705444,28.697212386,-0.23859189127759478,1.0,1685537248.0,287507295.0,-9.533122713672046,17.83211697953972,20.220406144435344,-0.8571785743786262,0.009732712520369446
139,28.19943594932556,5.004994892380489,11.22169625036283,0.5489370326905223,1.0571634222804247,1685537248.0,280341386.0,-4.277071192771899,28.8571973325,-0.23307430575343524,1.0,1685537248.0,417163371.5,-9.282066085152387,17.635501082137168,19.929065437877345,-0.7820113384439575,-0.0571634222804247
140,28.330785751342773,4.998516808550896,11.380967444947444,0.5411754881501581,1.0815092142485592,1685537248.0,432332277.0,-4.30503694313407,28.978267002000003,-0.22886628685917232,1.0,1685537248.0,567979454.5,-9.303553751684966,17.59729955705256,19.90530241194877,-0.7700417750093305,-0.08150921424855917
141,28.43668246269226,5.025575582958404,11.435042905659872,0.5411754881501581,1.0815092142485592,1685537248.0,522860288.0,-4.335595270030831,29.1133454325,-0.224137249525627,1.0,1685537248.0,695017695.0,-9.361170852989236,17.678302526840127,20.00384712922335,-0.7653127376757851,-0.08150921424855917
142,28.63154149055481,5.106710603052804,11.38246646285027,0.5753719932559245,1.049080510571733,1685537248.0,669836997.0,-4.369199963746475,29.264973569,-0.2187928176279555,1.0,1685537248.0,831551074.5,-9.475910566799278,17.88250710614973,20.238007349328488,-0.7941648108838799,-0.049080510571732905
143,28.778371334075928,5.11775040211479,11.382009002833186,0.5893011091553011,1.0326472158990083,1685537248.0,864027738.0,-4.380940238879797,29.31884377,-0.21688401959069314,1.0,1685537248.0,893083572.0,-9.498690640994587,17.936834767166815,20.29667867799957,-0.8061851287459942,-0.03264721589900832
144,28.78514337539673,5.147215457572555,11.433641363628135,0.5893011091553011,1.0326472158990083,1685537248.0,921371936.0,-4.399108963254454,29.403453755500003,-0.21387266681318215,1.0,1685537248.5,490979671.0,-9.546324420827009,17.96981239187187,20.348131790087017,-0.8031737759684833,-0.03264721589900832
145,28.90650486946106,5.053118802071633,11.548727209168858,0.5627887630994812,1.0462622810593638,1685537249.0,15138149.0,-4.430730426258392,29.552877315,-0.20853205703548927,1.0,1685537249.0,132012684.33333333,-9.483849228330024,18.004150105831144,20.34927068027244,-0.7713208201349705,-0.04626228105936381
146,28.90650773048401,5.081258240226607,11.601040323221826,0.5627887630994812,1.0462622810593638,1685537249.0,62991380.0,-4.432610606696686,29.561900584,-0.20820815281824354,1.0,1685537249.0,164871135.66666666,-9.513868846923293,17.960860260778176,20.32501418803092,-0.7709969159177248,-0.04626228105936381
147,28.975003957748413,5.109397678381581,11.653353437274792,0.5627887630994812,1.0462622810593638,1685537249.0,88240146.0,-4.450772501494969,29.650337266999998,-0.2050212464328176,1.0,1685537249.0,240993141.5,-9.56017017987655,17.996983829725206,20.37862313395072,-0.7678100095322988,-0.04626228105936381
148,29.11331295967102,5.0325862497482206,11.81938109519882,0.5370758552182018,1.07412228527653,1685537249.0,181626081.0,-4.472753790457629,29.758088159499998,-0.20113159486730242,1.0,1685537249.0,313895940.0,-9.50534004020585,17.938707064301177,20.30144577163778,-0.7382074500855043,-0.07412228527652998
149,29.21682834625244,4.9948828710923125,12.002724558403957,0.52062893348843,1.1071493725001402,1685537249.0,392676115.0,-4.495401403765575,29.871886897,-0.19699800927197297,1.0,1685537249.0,451114296.5,-9.490284274857888,17.86916233859604,20.232954759518293,-0.717626942760403,-0.10714937250014023
150,29.285784482955933,4.941718364790998,11.953056680354647,0.5202611751671744,1.0763475296621194,1685537249.0,432976722.0,-4.51266112033837,29.9604007485,-0.1937672778297964,1.0,1685537249.0,545199632.0,-9.454379485129369,18.00734406814535,20.33838075750881,-0.7140284529969708,-0.07634752966211944
151,29.53091812133789,4.967731423549357,12.006874056837754,0.5202611751671744,1.0763475296621194,1685537249.0,515556573.0,-4.554371626886203,30.180112529,-0.1856998122866635,1.0,1685537249.0,753642797.0,-9.522103050435561,18.173238472162247,20.516750304792232,-0.705960987453838,-0.07634752966211944
152,29.88834047317505,4.978264972979441,12.153378702434397,0.5164945447700632,1.0989011311920192,1685537249.0,764479637.0,-4.621382061025553,30.554994034499998,-0.1717672254171779,1.0,1685537250.0,123594999.0,-9.599647034004995,18.401615332065603,20.75506371965147,-0.6882617701872411,-0.09890113119201915
153,30.009427785873413,4.994015409623776,12.132874951017524,0.5335155575050988,1.074057770794223,1685537250.0,122889041.0,-4.641928340623292,30.6760738375,-0.16722556077936418,1.0,1685537250.0,268287420.0,-9.635943750247069,18.543198886482475,20.897407420576613,-0.700741118284463,-0.07405777079422293
154,30.142776489257812,4.937709963802822,12.238873333289549,0.514825188571635,1.085836604943414,1685537250.0,244240045.0,-4.6549327152418725,30.754826951,-0.16425858834157436,1.0,1685537250.0,354118823.5,-9.592642679044694,18.51595361771045,20.853281083345962,-0.6790837769132093,-0.08583660494341405
155,30.568121194839478,4.963451223231404,12.29316516353672,0.514825188571635,1.085836604943414,1685537250.0,375204801.0,-4.720972029502996,31.177715229999997,-0.14819737289067006,1.0,1685537250.0,738606452.0,-9.684423252734401,18.884550066463277,21.222965979119433,-0.663022561462305,-0.08583660494341405
156,30.74396538734436,4.8178322780703615,12.3341738208158,0.4923991725559408,1.0760869400149284,1685537250.0,801812887.0,-4.748191089966185,31.3656158925,-0.140992683718653,1.0,1685537250.0,944720387.0,-9.566023368036547,19.0314420716842,21.300342495032623,-0.6333918562745938,-0.07608694001492844
157,30.918381690979004,4.748962847456196,12.471511855139406,0.4719019024067559,1.094401452169701,1685537250.0,977615594.0,-4.778613907365235,31.5878648045,-0.1324183670892145,1.0,1685537251.0,147990703.5,-9.527576754821432,19.116352949360596,21.359065262870033,-0.6043202694959704,-0.09440145216970097
158,31.09423804283142,4.707660549891806,12.623078422308517,0.4570253804745119,1.1166017123156091,1685537251.0,157206535.0,-4.78446382954105,31.632361578999998,-0.13069487587146025,1.0,1685537251.0,250512719.0,-9.492124379432855,19.00928315669148,21.247429759053166,-0.5877202563459721,-0.11660171231560912
159,31.238680839538574,4.756015272727813,12.677061902317137,0.4845351372550798,1.1050711918287044,1685537251.0,328954696.0,-4.814970423239187,31.874845075499998,-0.12126617511086529,1.0,1685537251.0,474915504.0,-9.570985695967,19.197783173182863,21.451308723640803,-0.6058013123659451,-0.10507119182870439
160,31.452338218688965,4.758316823043455,12.796642975096145,0.4798102786651007,1.1189337022047503,1685537251.0,462764263.0,-4.842689743234838,32.112205553,-0.1119826937027511,1.0,1685537251.0,699417432.0,-9.601006566278294,19.315562577903858,21.570124820840487,-0.5917929723678518,-0.1189337022047503
161,31.452340841293335,4.70970290137081,12.94108957680918,0.463426430184406,1.1389045099394846,1685537251.0,637279748.0,-4.845122661156118,32.134014654,-0.11112699718947419,1.0,1685537251.0,738329331.0,-9.55482556252693,19.192925077190818,21.43975430243962,-0.5745534273738802,-0.13890450993948456
162,31.801891326904297,4.732874222880031,12.998034802306154,0.463426430184406,1.1389045099394846,1685537251.0,695621490.0,-4.873211521792302,32.399773646,-0.10066521845779194,1.0,1685537251.5,503812312.5,-9.606085744672333,19.401738843693845,21.649580908019804,-0.564091648642198,-0.13890450993948456
163,32.092108964920044,4.653928922994582,13.004318301272605,0.4597889499123991,1.1123988811573953,1685537252.0,35375356.0,-4.901644443562807,32.699637818,-0.0887939134050967,1.0,1685537252.0,283413886.5,-9.55557336655739,19.695319516727395,21.890970586742927,-0.5485828633174958,-0.11239888115739527
164,32.22033143043518,4.528007536481405,13.127451784419527,0.4270016219988207,1.1272640758858608,1685537252.0,324700832.0,-4.908991016281482,32.7836575985,-0.08545600081785909,1.0,1685537252.0,350514769.0,-9.436998552762887,19.656205814080472,21.804205298298303,-0.5124576228166797,-0.12726407588586075
165,32.42312717437744,4.549357617581346,13.18381498821382,0.4270016219988207,1.1272640758858608,1685537252.0,381019830.0,-4.932240731746589,33.0754387855,-0.07382598517402475,1.0,1685537252.0,647872328.0,-9.481598349327935,19.89162379728618,22.03582094115715,-0.5008276071728455,-0.12726407588586075
166,32.53744459152222,4.5438938754747085,13.130535308663534,0.4429656284720948,1.0921834055713044,1685537252.0,629131793.0,-4.935356859649466,33.118226099,-0.07211595219583278,1.0,1685537252.0,689725875.25,-9.479250735124175,19.987690790336465,22.12157267531975,-0.5150815806679276,-0.09218340557130444
167,32.53746294975281,4.566042156898313,13.1851444789421,0.4429656284720948,1.0921834055713044,1685537252.0,689611673.0,-4.936618526991403,33.135894108,-0.07140946602747365,1.0,1685537252.0,714416026.5,-9.502660683889715,19.950749629057903,22.09825718997988,-0.5143750944995684,-0.09218340557130444
168,32.53746747970581,4.588190438321918,13.239753649220663,0.4429656284720948,1.0921834055713044,1685537252.0,745252132.0,-4.937880194333339,33.153562117,-0.07070297985911453,1.0,1685537252.0,739106177.75,-9.526070632655257,19.913808467779337,22.075003723436534,-0.5136686083312093,-0.09218340557130444
169,32.810572385787964,4.610338719745523,13.29436281949923,0.4429656284720948,1.0921834055713044,1685537252.0,785549879.0,-4.953763883552522,33.396830249,-0.06095524455170985,1.0,1685537253.0,65427779.5,-9.564102603298046,20.102467429500766,22.26165437159942,-0.5039208730238046,-0.09218340557130444
170,33.148009061813354,4.463306991985792,13.42046793128764,0.4016055270191785,1.109662299257345,1685537253.0,37857055.0,-4.97368116912549,33.7663618805,-0.0460978931697566,1.0,1685537253.0,331216215.5,-9.436988161111282,20.34589394921236,22.42793227530239,-0.4477034201889351,-0.10966229925734505
171,33.29563879966736,4.393701376269672,13.63312427882921,0.3951922659419138,1.1265145764880573,1685537253.0,516268253.0,-4.9794936436420105,33.9016072035,-0.040645572890301046,1.0,1685537253.0,500808119.5,-9.373195019911684,20.26848292467079,22.33087962774795,-0.43583783883221483,-0.1265145764880573
172,33.52949023246765,4.413460989566768,13.689450007653614,0.3951922659419138,1.1265145764880573,1685537253.0,567861318.0,-4.9860601665295565,34.079246449500005,-0.03347568590432235,1.0,1685537253.0,703147172.5,-9.399521156096323,20.389796441846393,22.452055516229116,-0.4286679518462362,-0.1265145764880573
173,33.79832434654236,4.368249097339752,13.688351874880114,0.4011697698371845,1.106318740710069,1685537253.0,717732906.0,-4.994827690091951,34.402004886,-0.02042840137364145,1.0,1685537253.5,514420508.5,-9.363076787431702,20.713653011119888,22.731533780025014,-0.42159817121082593,-0.10631874071006897
174,33.97318243980408,4.248751627724178,13.814925582909323,0.3706964647824236,1.1218785191850362,1685537254.0,6697893.0,-4.996814355226441,34.519925881,-0.0156560389838695,1.0,1685537254.0,159188747.0,-9.24556598295062,20.705000298090674,22.675482964846164,-0.3863525037662931,-0.12187851918503623
175,34.315279960632324,4.267286450963299,13.871019508868574,0.3706964647824236,1.1218785191850362,1685537254.0,168334484.0,-4.999915908543164,34.96722500349999,0.00245590160534385,1.0,1685537254.0,548279404.0,-9.267202359506463,21.096205494631416,23.04193841333144,-0.3682405631770797,-0.12187851918503623
176,34.392462491989136,4.315099345380189,13.641864185637246,0.4103556171942567,1.0543861269908856,1685537254.0,526424169.0,-4.999563661087871,35.043069052999996,0.005527398154377,1.0,1685537254.0,626899718.5,-9.31466300646806,21.40120486736275,23.340405238532078,-0.40482821903987976,-0.05438612699088563
177,34.665143966674805,4.335617126239902,13.69458349198679,0.4103556171942567,1.0543861269908856,1685537254.0,586565017.0,-4.998820308127865,35.1434612755,0.00959267738545925,1.0,1685537254.0,733392238.0,-9.334437434367768,21.44887778351321,23.392008900225157,-0.40076293980879746,-0.05438612699088563
178,34.84612536430359,4.22886919104395,13.867773678349682,0.3851978380489372,1.0782007086924683,1685537254.0,766888380.0,-4.9922659792641415,35.521736550499995,0.024900546019316003,1.0,1685537255.0,119870662.0,-9.221135170308091,21.653962872150313,23.535578214642552,-0.3602972920296212,-0.07820070869246831
179,34.974886894226074,4.070853874287622,14.07651413901432,0.3483987843925514,1.1103406405463767,1685537255.0,65518379.0,-4.989991820029077,35.6082371355,0.028397781410152402,1.0,1685537255.0,215523600.0,-9.0608456943167,21.531722996485676,23.360522680231444,-0.320001002982399,-0.11034064054637671
180,35.02093458175659,4.075656845008101,14.009460650050944,0.3655931997723641,1.077419866647353,1685537255.0,193317413.0,-4.98921539051508,35.634589839,0.0294627718402883,1.0,1685537255.0,238959312.0,-9.06487223552318,21.625129188949057,23.448200806993604,-0.3361304279320758,-0.0774198666473529
181,35.02094626426697,4.093936504996719,14.06333164338331,0.3655931997723641,1.077419866647353,1685537255.0,233145236.0,-4.988438961001083,35.660942542499996,0.030527762270424197,1.0,1685537255.0,262395024.0,-9.082375465997803,21.597610899116685,23.429603937220165,-0.3350654375019399,-0.0774198666473529
182,35.078890800476074,4.1122161649853375,14.117202636715678,0.3655931997723641,1.077419866647353,1685537255.0,249166965.0,-4.986640326529683,35.71785939533333,0.03282717377140237,1.0,1685537255.0,303026676.0,-9.09885649151502,21.60065675861765,23.438804616635196,-0.3327660260009617,-0.0774198666473529
183,35.087833404541016,4.130495824973956,14.171073630048046,0.3655931997723641,1.077419866647353,1685537255.0,285874366.0,-4.985618121572281,35.748423544666664,0.03406159484224463,1.0,1685537255.0,320222616.0,-9.116113946546236,21.57734991461862,23.424038140856645,-0.33153160493011946,-0.0774198666473529
184,35.234527587890625,4.148775484962574,14.224944623380413,0.3655931997723641,1.077419866647353,1685537255.0,326860904.0,-4.9811989612520335,35.869126248499995,0.0389337771099323,1.0,1685537255.0,460303902.0,-9.129974446214607,21.644181625119582,23.49099894873983,-0.3266594226624318,-0.0774198666473529
185,35.35069704055786,4.066923280259496,14.321085602664471,0.341681954734954,1.087513836183732,1685537255.0,465381145.0,-4.976225881947306,35.988366413,0.043742125015864455,1.0,1685537255.0,583251595.0,-9.043149162206802,21.66728081033553,23.478705340879763,-0.29793982971908956,-0.08751383618373199
186,35.552062034606934,4.05545753273917,14.217157183276164,0.3588172527116261,1.0477606641039752,1685537255.0,556861877.0,-4.96905048577458,36.14068203,0.04987681772516245,1.0,1685537255.0,749483585.0,-9.02450801851375,21.923524846723836,23.708283081681312,-0.3089404349864637,-0.04776066410397517
187,35.766623735427856,3.962817903285437,14.37538345998007,0.3343742993552853,1.071155380480047,1685537255.0,780560016.0,-4.954820698878441,36.4011625525,0.060347852297344795,1.0,1685537255.5,481302380.0,-8.917638602163878,22.025779092519926,23.76255926602375,-0.2740264470579405,-0.0711553804800471
188,35.80471873283386,3.8366495640570815,14.472997944802062,0.301387274479064,1.0813263507486213,1685537255.0,999682664.0,-4.949662319828615,36.482633320333335,0.06361453746712477,1.0,1685537256.0,71536063.66666666,-8.786311883885697,22.009635375531275,23.69859333135089,-0.23777273701193924,-0.08132635074862127
189,35.92371892929077,3.851718927781034,14.527064262339492,0.301387274479064,1.0813263507486213,1685537256.0,56488990.0,-4.946085557212923,36.53789580666667,0.06582937626736034,1.0,1685537256.0,121568202.33333333,-8.797804484993957,22.010831544327175,23.703967368964378,-0.23555789821170364,-0.08132635074862127
190,36.205355644226074,3.8109090746242096,14.65893781546975,0.2874093575191481,1.1007894559728326,1685537256.0,156885147.0,-4.922416517601851,36.86596303,0.07894349317537905,1.0,1685537256.0,426574468.0,-8.73332559222606,22.207025214530255,23.862584620669512,-0.20846586434376904,-0.10078945597283262
191,36.6491436958313,3.627716778482701,14.98773250062792,0.2361360403655701,1.1718369425554471,1685537256.0,390278577.0,-4.890857618419074,37.232187271,0.09350029693079279,1.0,1685537256.0,794653653.2,-8.518574396901775,22.24445477037208,23.819779129678757,-0.1426357434347773,-0.17183694255544713
192,36.64914536476135,3.814272931360704,14.6785370315109,0.337948367584908,1.071159081384918,1685537256.0,534444808.0,-4.889319331047382,37.248470974,0.09414508978070617,1.0,1685537256.0,810814141.4,-8.703592262408087,22.5699339424891,24.18996561466286,-0.2438032778042018,-0.07115908138491811
193,36.649147272109985,3.5822474352327056,14.926417642283964,0.2867722533440933,1.111109917163694,1685537256.0,631345987.0,-4.887781043675691,37.264754677,0.09478988263061953,1.0,1685537256.0,826974629.6,-8.470028478908397,22.338337034716034,23.89022151236956,-0.19198237071347374,-0.111109917163694
194,36.649173974990845,3.59658604789991,14.981973138142148,0.2867722533440933,1.111109917163694,1685537256.0,731542110.0,-4.886242756303999,37.28103838,0.09543467548053292,1.0,1685537256.0,843135117.8,-8.482828804203908,22.29906524185785,23.858053046761054,-0.19133757786356037,-0.111109917163694
195,36.76846933364868,3.495789362163892,15.112618476738618,0.260756597908111,1.128077011551896,1685537256.0,849720001.0,-4.8816044079892125,37.329170156,0.0973387762968971,1.0,1685537256.0,911868333.5,-8.377393770153105,22.216551679261386,23.743544278339996,-0.1634178216112139,-0.1280770115518961
196,37.087833642959595,3.508827192059297,15.169022327316211,0.260756597908111,1.128077011551896,1685537256.0,902140378.0,-4.876633381306241,37.3796464448,0.09933349323874184,1.0,1685537256.2,782812070.8,-8.385460573365538,22.21062411748379,23.740846082556125,-0.16142310466936916,-0.1280770115518961
197,37.08783745765686,3.5083624798445707,15.264795401535295,0.2574373367163001,1.1377549473893904,1685537257.0,31900167.0,-4.874762415566364,37.3982746606,0.10006890221413578,1.0,1685537256.4,601183080.6,-8.383124895410935,22.133479259064707,23.667861904352623,-0.1573684345021643,-0.13775494738939043
198,37.08784079551697,3.521234346680386,15.321683148904766,0.2574373367163001,1.1377549473893904,1685537257.0,59626340.0,-4.872891449826486,37.4169028764,0.10080431118952972,1.0,1685537256.6,419554090.4000001,-8.394125796506872,22.095219727495234,23.635991256849724,-0.1566330255267704,-0.13775494738939043
199,37.08784341812134,3.5539355251221765,15.218430106102057,0.2959712407929993,1.0882833036603965,1685537257.0,188158988.0,-4.87102048408661,37.4355310922,0.10153972016492366,1.0,1685537256.8,237925100.20000005,-8.424956009208787,22.217100986097947,23.760880875581563,-0.19443152062807564,-0.0882833036603965
200,37.21645426750183,3.5687340871618263,15.272844271285075,0.2959712407929993,1.0882833036603965,1685537257.0,278524160.0,-4.832284530558934,37.79222469366667,0.11555808687124416,1.0,1685537257.0,379851181.6666667,-8.40101861772076,22.519380422381595,24.035382427230783,-0.18041315392175514,-0.0882833036603965
201,37.216455936431885,3.478526847361024,15.361212459311272,0.2704911572402318,1.0965223849666967,1685537257.0,398181915.0,-4.828521432313502,37.824611473333334,0.11682526864204323,1.0,1685537257.0,419710794.3333333,-8.307048279674525,22.463399014022063,23.950184683714046,-0.15366588859818858,-0.09652238496669674
202,37.45161747932434,3.268938478804748,15.649805617456725,0.214283747437781,1.1554138170523585,1685537257.0,472590923.0,-4.800462614143701,38.055266428,0.125818655626558,1.0,1685537257.0,683332800.5,-8.06940109294845,22.40546081054328,23.814279500578394,-0.088465091811223,-0.15541381705235846
203,37.68202304840088,3.1876666658631088,15.794949783111235,0.1902389324105812,1.1782529342303476,1685537257.0,682435750.0,-4.765571253784999,38.3219864845,0.1361538233166034,1.0,1685537257.0,884045838.5,-7.953237919648108,22.527036701388766,23.889775552571543,-0.05408510909397782,-0.1782529342303476
204,37.954185962677,3.069328235966815,15.879614067048786,0.1556269634147402,1.1852244809206487,1685537257.0,844684600.0,-4.721543314976451,38.632233985666666,0.14807715426917623,1.0,1685537258.0,194351355.0,-7.790871550943265,22.75261991861788,24.049519593629814,-0.007549809145563968,-0.1852244809206487
205,37.954187870025635,3.130009267975885,15.765968559720596,0.2164251717274978,1.125364849330842,1685537258.0,3912448.0,-4.720771278176274,38.637444226333336,0.14827640106453208,1.0,1685537258.0,204112609.0,-7.8507805461521585,22.87147566661274,24.181380323552663,-0.06814877066296574,-0.1253648493308419
206,38.23521065711975,3.029485048427606,16.017237570509447,0.1888797299956779,1.1733901889869165,1685537258.0,174154281.0,-4.68456940814822,38.874241718,0.1572960575431362,1.0,1685537258.0,443959871.3333333,-7.714054456575826,22.857004147490553,24.123624826244868,-0.031583672452541706,-0.1733901889869165
207,38.23527526855469,3.03892903492739,16.075907079958792,0.1888797299956779,1.1733901889869165,1685537258.0,348098039.0,-4.680765975296766,38.898351638,0.1582105405942918,1.0,1685537258.0,480155546.6666667,-7.7196950102241555,22.82244455804121,24.09268907066508,-0.030669189401386104,-0.1733901889869165
208,38.33288073539734,3.0483730214271736,16.134576589408137,0.1888797299956779,1.1733901889869165,1685537258.0,403559923.0,-4.667106678771535,38.983513284,0.1614330197097174,1.0,1685537258.0,558464765.0,-7.715479700198709,22.84893669459186,24.116437031154597,-0.02744671028596049,-0.1733901889869165
209,38.50131916999817,3.0438450368340555,15.972194604633964,0.2266830387945107,1.1055806950369589,1685537258.0,535309076.0,-4.638591400568828,39.15688932766667,0.16796879276211463,1.0,1685537258.0,721011320.3333334,-7.682436437402883,23.184694723032706,24.424371005513244,-0.058714246032396084,-0.10558069503695888
210,38.584033727645874,2.968731931084408,16.193074785725415,0.2060911724001982,1.1450271363853155,1685537258.0,656130075.0,-4.633856733623753,39.18498870533333,0.16902402541289027,1.0,1685537258.0,755625803.6666666,-7.60258866470816,22.991913919607917,24.216264371108302,-0.037067146987307925,-0.1450271363853155
211,38.58827304840088,2.905877862929956,16.353780422613713,0.1879990311839694,1.1706113979680606,1685537258.0,791854619.0,-4.622321876434267,39.25239078975,0.17154864278936197,1.0,1685537258.0,832957028.75,-7.528199739364223,22.89861036713629,24.104359523988293,-0.01645038839460744,-0.17061139796806057
212,38.68638610839844,2.9152778144891545,16.412310992512115,0.1879990311839694,1.1706113979680606,1685537258.0,822592020.0,-4.615521686189856,39.2916934965,0.17301802751505804,1.0,1685537258.0,875673770.5,-7.530799500679011,22.879382503987888,24.08690691814153,-0.014981003668911363,-0.17061139796806057
213,38.727123737335205,2.9246777660483527,16.470841562410516,0.1879990311839694,1.1706113979680606,1685537258.0,919444084.0,-4.608721495945445,39.33099620325,0.17448741224075412,1.0,1685537258.0,918390512.25,-7.5333992619937975,22.860154640839486,24.069457298487304,-0.013511618943215287,-0.17061139796806057
214,38.85497546195984,2.934077717607551,16.529372132308918,0.1879990311839694,1.1706113979680606,1685537258.0,981837987.0,-4.571908036967372,39.537454176,0.18216420915286918,1.0,1685537259.0,119442700.5,-7.5059857545749225,23.00808204369108,24.201480563740343,-0.005834822031100223,-0.17061139796806057
215,39.11918258666992,2.740061627807519,16.745408255637322,0.13078942162588,1.214908942816297,1685537259.0,83522558.0,-4.529982520218377,39.7627575875,0.19047198786812342,1.0,1685537259.0,342786192.5,-7.270044148025896,23.017349331862675,24.1381836967748,0.05968256624224341,-0.2149089428162969
216,39.25729179382324,2.5572262557747734,16.83559968486368,0.076058766844915,1.2234190376826983,1685537259.0,352284669.0,-4.506950265405653,39.881833005,0.194826205836447,1.0,1685537259.0,463541745.5,-7.064176521180427,23.046233320136317,24.104594171413844,0.118767438991532,-0.22341903768269833
217,39.56513977050781,2.561029194117019,16.896770636747817,0.076058766844915,1.2234190376826983,1685537259.0,480944871.0,-4.451227899582472,40.161152649,0.2049657823572936,1.0,1685537259.0,753224730.0,-7.012257093699491,23.264382012252184,24.298214336863147,0.1289070155123786,-0.22341903768269833
218,39.58111524581909,2.666980050479051,16.6817027141698,0.1592681520250272,1.1316487039598284,1685537259.0,740660667.0,-4.435716033643366,40.2360103605,0.20765693200178925,1.0,1685537259.0,822834252.5,-7.1026960841224165,23.554307646330205,24.60190440517517,0.04838877997676205,-0.13164870395982842
219,40.28149342536926,2.844046197863438,16.493429355995513,0.2304368044047032,1.0767533123774,1685537259.0,800988435.0,-4.28903827593791,40.9044140338,0.2312853807520597,1.0,1685537260.0,478622626.8,-7.133084473801349,24.41098467780449,25.431812107091215,0.0008485763473564945,-0.07675331237740002
220,40.281498432159424,2.747367958311186,16.699696691010438,0.20566769589901,1.111647436565632,1685537260.0,1628160.0,-4.286655667621113,40.9146918296,0.2316421469218668,1.0,1685537260.0,493982934.6,-7.034023625932299,24.214995138589565,25.215936983029007,0.02597445102285681,-0.11164743656563192
221,40.28150296211243,2.595967680323544,16.883125117858995,0.1672925192320814,1.1419913492599527,1685537260.0,106694698.0,-4.284273059304316,40.924969625399996,0.23199891309167392,1.0,1685537260.0,509343242.4,-6.88024073962786,24.041844507541,25.006959030638136,0.06470639385959251,-0.14199134925995271
222,40.28150749206543,2.5196702433497635,16.998432073124615,0.1464796639268226,1.1563007329204678,1685537260.0,324940204.0,-4.281890450987518,40.935247421199996,0.232355679261481,1.0,1685537260.0,524703550.2,-6.801560694337281,23.93681534807538,24.88437977701295,0.08587601533465841,-0.15630073292046776
223,40.420743465423584,2.5269942265461047,17.056247109770638,0.1464796639268226,1.1563007329204678,1685537260.0,378661870.0,-4.238788912416764,41.11740729066667,0.23863063699999504,1.0,1685537260.0,687631765.6666666,-6.765783138962869,24.06116018089603,24.99430436587926,0.09215097307317244,-0.15630073292046776
224,40.592952728271484,2.4250197741325645,17.252482872756882,0.1177881039847295,1.1926370861798503,1685537260.0,598847389.0,-4.220034739712517,41.19555676833333,0.24130799956935226,1.0,1685537260.0,758284886.3333334,-6.645054513845082,23.94307389557645,24.848089203417782,0.12351989558462276,-0.19263708617985031
225,40.61212491989136,2.589624181196547,17.07920576701815,0.181887647876211,1.1418728330089567,1685537260.0,826145887.0,-4.19494182073677,41.2995929005,0.244864967107642,1.0,1685537260.0,859956860.0,-6.784566001933317,24.220387133481854,25.152683529403433,0.06297731923143099,-0.1418728330089567
226,40.844457387924194,2.5475953734020704,17.186451084061733,0.1698105461573215,1.1537204286473537,1685537260.0,887878179.0,-4.14043470138093,41.518855857999995,0.2522669050696196,1.0,1685537261.0,86142539.5,-6.688030074783001,24.33240477393826,25.23481064648545,0.08245635891229808,-0.1537204286473537
227,41.058290243148804,2.565299206270613,17.12791109598683,0.2001776412530891,1.1265112661268026,1685537261.0,54351329.0,-4.107814294675791,41.647094298,0.25655111668541586,1.0,1685537261.0,244928955.5,-6.673113500946403,24.51918320201317,25.411036749617242,0.056373475432326764,-0.12651126612680264
228,41.2613320350647,2.5753080883332675,17.18423665929317,0.2001776412530891,1.1265112661268026,1685537261.0,179998874.0,-4.049423823950676,41.8714209085,0.26396202129849095,1.0,1685537261.0,448916434.5,-6.624731912283943,24.68718424920683,25.560597392547756,0.06378438004540185,-0.12651126612680264
229,41.4785897731781,2.5675347460841387,17.271917108941537,0.2023750168425006,1.145236327372007,1685537261.0,569276332.0,-4.009581493835968,42.0209888695,0.2688440796011024,1.0,1685537261.0,627990245.0,-6.577116239920107,24.749071760558465,25.60810440158922,0.06646906275860182,-0.14523632737200698
230,41.641844749450684,2.519704700234983,17.44455567367019,0.1905360113552923,1.1688079291122118,1685537261.0,683068990.0,-3.9398795901325885,42.2762432575,0.2770606134824331,1.0,1685537261.0,831557750.5,-6.459584290367571,24.831687583829808,25.65811640524867,0.0865246021271408,-0.16880792911221176
231,41.7059965133667,2.456587975446379,17.485150032838618,0.1840079232159029,1.1746991462065275,1685537261.0,773786306.0,-3.9028729968372478,42.4088796855,0.2812751572534117,1.0,1685537261.5,469337582.0,-6.359460972283626,24.92372965266138,25.722267467253946,0.09726723403750878,-0.1746991462065275
232,41.94295859336853,2.4657883716071742,17.543884990148943,0.1840079232159029,1.1746991462065275,1685537261.0,936017036.0,-3.8676857314495647,42.533059883,0.285182112726696,1.0,1685537262.0,125135898.0,-6.333474103056739,24.989174892851057,25.77928928499752,0.10117418951079313,-0.1746991462065275
233,42.111106157302856,2.38935324864805,17.676888269027522,0.1665117288277613,1.189872908266865,1685537262.0,136763095.0,-3.826327547914952,42.677041419333335,0.2896707278361457,1.0,1685537262.0,255903005.33333334,-6.215680796563002,25.000153150305813,25.761256671667002,0.12315899900838442,-0.1898729082668651
234,42.1111261844635,2.397678835089438,17.736381914440866,0.1665117288277613,1.189872908266865,1685537262.0,264981031.0,-3.8226391272083964,42.689765898666664,0.2900649111533063,1.0,1685537262.0,287646531.6666667,-6.220317962297834,24.9533839842258,25.716992977723926,0.12355318232554499,-0.1898729082668651
235,42.303499937057495,2.406004421530826,17.79587555985421,0.1665117288277613,1.189872908266865,1685537262.0,323245048.0,-3.759697766436554,42.9042203905,0.29664853690429827,1.0,1685537262.0,492621659.5,-6.16570218796738,25.10834483064579,25.854300679100234,0.13013680807653696,-0.1898729082668651
236,42.576035261154175,2.3167215490327773,17.933288907170162,0.1437902441789338,1.2080112062162252,1685537262.0,475846052.0,-3.680236143674686,43.168557811,0.3046146902710464,1.0,1685537262.0,741852402.0,-5.996957692707463,25.235268903829837,25.938047309246784,0.16082444609211258,-0.20801120621622515
237,42.70594310760498,2.4156998769363893,17.90761666655169,0.1763948566689004,1.1884163231666616,1685537262.0,777418613.0,-3.633439431054934,43.321078825,0.3091332267834413,1.0,1685537262.0,890462517.5,-6.049139307991323,25.41346215844831,26.123478812102537,0.1327383701145409,-0.18841632316666157
238,42.9709997177124,2.3519580228673784,18.068819416363603,0.1607505227529601,1.2103605832802755,1685537262.0,927681446.0,-3.588781815262148,43.464427122,0.3133225024258234,1.0,1685537262.3333333,719133138.0,-5.940739838129526,25.395607705636394,26.081205504403314,0.1525719796728633,-0.21036058328027551
239,42.971001625061035,2.325501305583494,18.21735870444715,0.1631166384990545,1.2238444239844324,1685537263.0,170439720.0,-3.5750947430444207,43.508022277,0.3145873737810542,1.0,1685537262.6666667,455249309.0,-5.900596048627914,25.29066357255285,25.969880586347237,0.15147073528199972,-0.22384442398443238
240,43.374340772628784,2.333657137508447,18.27855092564637,0.1631166384990545,1.2238444239844324,1685537263.0,222966432.0,-3.450000442174498,43.8985922815,0.3256968950829394,1.0,1685537263.0,463465570.5,-5.783657579682945,25.62004135585363,26.264752313217695,0.16258025658388492,-0.22384442398443238
241,43.41723346710205,2.2601477752363657,18.431814828921897,0.1456651651999445,1.2435197154860005,1685537263.0,541081666.0,-3.406119599405251,44.032623099999995,0.329420756815822,1.0,1685537263.0,599584340.3333334,-5.666267374641617,25.600808271078098,26.220373187531653,0.1837555916158775,-0.2435197154860005
242,43.535478353500366,2.348063575630092,18.307922670428,0.1702196059778954,1.1986334960528149,1685537263.0,604824542.0,-3.3892222281088515,44.083807039,0.33082941929953447,1.0,1685537263.0,662329911.6666666,-5.737285803738944,25.775884368572,26.40667838588903,0.16060981332163907,-0.19863349605281488
243,43.57887673377991,2.3565745559289866,18.36785434523064,0.1702196059778954,1.1986334960528149,1685537263.0,693535804.0,-3.3621388719991456,44.1655729295,0.3330709321065036,1.0,1685537263.0,751605272.0,-5.718713427928132,25.79771858426936,26.423965777754145,0.16285132612860823,-0.19863349605281488
244,43.74377250671387,2.41998621057092,18.27509312777496,0.1844325421848467,1.166396649653705,1685537263.0,778400421.0,-3.320177661021722,44.29059701,0.3364437172375699,1.0,1685537263.5,396392345.0,-5.740163871592642,26.01550388222504,26.641244781706494,0.15201117505272319,-0.16639664965370504
245,44.050819396972656,2.321040360713433,18.4781771678589,0.1634814161071229,1.1944362531468014,1685537263.0,915505886.0,-3.2150078412924614,44.599451947,0.3446201037650451,1.0,1685537264.0,169534205.5,-5.536048202005894,26.1212747791411,26.70147609744311,0.18113868765792218,-0.19443625314680135
246,44.14793014526367,2.1527177096943197,18.72721576641506,0.1275441482757598,1.2329838701761138,1685537264.0,252483606.0,-3.1701837383994125,44.729126500999996,0.3479825186033701,1.0,1685537264.0,310514688.0,-5.322901448093733,26.001910734584936,26.541149968971606,0.2204383703276103,-0.23298387017611377
247,44.526341915130615,1.9986159134961856,18.876118658087503,0.0932153236641398,1.2516487224842592,1685537264.0,356055021.0,-3.0109806816921534,45.179199982,0.3592478120874987,1.0,1685537264.0,771456956.5,-5.009596595188339,26.303081323912497,26.775887383593414,0.26603248842335886,-0.2516487224842592
248,44.77047300338745,1.9905072993637796,18.895303972216272,0.1029373684317572,1.23163426873404,1685537264.0,719470500.0,-2.9462832812206408,45.3583318475,0.36357518297898334,1.0,1685537264.5,454752206.0,-4.93679058058442,26.463027875283725,26.919579223394084,0.2606378145472261,-0.23163426873404003
249,45.0038366317749,1.9956541677853672,18.95688568565297,0.1029373684317572,1.23163426873404,1685537265.0,3594398.0,-2.8425406129110167,45.6410605195,0.37020315472508947,1.0,1685537265.0,233185171.5,-4.838194780696384,26.68417483384703,27.11924252812517,0.26726578629333225,-0.23163426873404003
250,45.28823733329773,1.8530506171354089,19.10574620944625,0.0713834247990573,1.2502737465752969,1685537265.0,218323945.0,-2.7886356271031576,45.786001849499996,0.3735078485617246,1.0,1685537265.0,366159319.5,-4.641686244238566,26.680255640053748,27.081013500394945,0.3021244237626673,-0.2502737465752969
251,45.45825934410095,1.9085808874497985,18.888567008509185,0.1002869002445744,1.1828530726418485,1685537265.0,396187543.0,-2.7007875028663686,46.019548464,0.3786992966173624,1.0,1685537265.0,593343495.6666666,-4.609368390316167,27.13098145549082,27.519746214233745,0.27841239637278803,-0.18285307264184847
252,45.458261251449585,1.9135952324620271,18.94770966214128,0.1002869002445744,1.1828530726418485,1685537265.0,657607316.0,-2.6885981478527192,46.051705885,0.3794012014372147,1.0,1685537265.0,631347894.3333334,-4.602193380314747,27.10399622285872,27.491940549160084,0.27911430119264025,-0.18285307264184847
253,45.62289524078369,1.9796934857846176,18.886223032739093,0.1176725940347598,1.15855799854635,1685537265.0,732506036.0,-2.6008058805530654,46.2816126825,0.38432703421945047,1.0,1685537265.0,856827139.0,-4.580499366337683,27.395389649760904,27.775679082737955,0.26665444018469064,-0.1585579985463501
254,45.800320863723755,1.9109863486957748,19.0023703866035,0.1051888198933353,1.1683018119546265,1685537265.0,835083484.0,-2.5595575259894456,46.3885561705,0.38655801046942373,1.0,1685537265.5,472120642.0,-4.47054387468522,27.386185783896504,27.74867446069416,0.28136919057608845,-0.16830181195462646
255,45.89299130439758,1.868673424356826,19.1330378906045,0.096228009672043,1.181911397267374,1685537266.0,13511419.0,-2.5210756587863434,46.487927127000006,0.3886077522233074,1.0,1685537266.0,57050227.5,-4.389749083143169,27.354889236395508,27.70487072968259,0.2923797425512644,-0.18191139726737404
256,46.06233477592468,1.873484824840428,19.19213346046787,0.096228009672043,1.181911397267374,1685537266.0,69337368.0,-2.4654744878483132,46.6304210905,0.39148219172848125,1.0,1685537266.0,202498554.5,-4.338959312688742,27.438287630032132,27.77924037812306,0.2952541820564383,-0.18191139726737404
257,46.290372133255005,1.7979109811083736,19.329676346874383,0.0793580908187267,1.1983746160739617,1685537266.0,255198955.0,-2.3537461203876653,46.913751649999995,0.39700914394522835,1.0,1685537266.0,495356321.0,-4.151657101496038,27.584075303125612,27.894756980782372,0.31765105312650166,-0.19837461607396167
258,46.33971452713013,1.689153548848549,19.431583379051126,0.0545195242727887,1.2076265664109882,1685537266.0,491785764.0,-2.313811835244185,47.014206934499995,0.39891552621076376,1.0,1685537266.0,633367300.0,-4.002965384092734,27.58262355544887,27.871577889811828,0.34439600193797504,-0.2076265664109882
259,46.529789447784424,1.775144698065673,19.326868643220948,0.0829826188784425,1.1681085603817507,1685537266.0,556405782.0,-2.281865250162297,47.094031779333335,0.400393569919045,1.0,1685537266.0,740931272.3333334,-4.05700994822797,27.767163136112387,28.06197923075811,0.3174109510406025,-0.1681085603817507
260,46.56049346923828,1.7298506527643318,19.45111642824101,0.0726832211321174,1.1818240348881754,1685537266.0,736165285.0,-2.2608370906843125,47.146486409666664,0.40135864342719757,1.0,1685537266.0,764985322.6666666,-3.9906877434486443,27.695369981425653,27.9814064527458,0.3286754222950802,-0.18182403488817545
261,46.72226071357727,1.6278589831256027,19.56535469338437,0.0495877727966927,1.1938821284927077,1685537266.0,814374685.0,-2.160104152958878,47.3961762665,0.40583778701868023,1.0,1685537266.5,477750539.5,-3.787963136084481,27.830821573115628,28.08742234800006,0.35625001422198754,-0.1938821284927077
262,46.85012125968933,1.6303383717654374,19.625048799809008,0.0495877727966927,1.1938821284927077,1685537266.0,934662818.0,-2.1302867267852066,47.469481754,0.4071076434657118,1.0,1685537267.0,82879066.0,-3.760625098550644,27.844432954190992,28.097237367262398,0.35751987066901914,-0.1938821284927077
263,47.17051935195923,1.5144455668733805,19.816075971027267,0.0212869723634554,1.2252816552405863,1685537267.0,83794832.0,-1.9943219912368264,47.801192689000004,0.41265051393967567,1.0,1685537267.0,406184196.0,-3.5087675581102067,27.985116717972737,28.204223220918596,0.3913635415762203,-0.2252816552405863
264,47.261486530303955,1.3421765426689245,19.94202849942436,-0.0218852735025791,1.2413936447217253,1685537267.0,390063285.0,-1.9562878927681604,47.893193293,0.4141220915229536,1.0,1685537267.0,482869505.5,-3.2984644354370847,27.951164793575643,28.145114690643307,0.4360073650255327,-0.2413936447217253
265,47.35455346107483,1.5592112687745192,19.808797293199703,0.0594459147429488,1.1784066210098971,1685537267.0,494843721.0,-1.913924438470815,47.9952785255,0.41572098094028453,1.0,1685537267.0,559972524.0,-3.4731357072453344,28.186481232300295,28.399654855292862,0.35627506619733573,-0.17840662100989713
266,47.52264451980591,1.5621835645116666,19.8677176242502,0.0594459147429488,1.1784066210098971,1685537267.0,588983297.0,-1.8585197959681492,48.128169346,0.4177460790080323,1.0,1685537267.0,701985597.0,-3.420703360479816,28.2604517217498,28.466723432768813,0.3583001642650835,-0.17840662100989713
267,48.15840220451355,1.474759817126826,20.020267279559363,0.0404696038980178,1.1980616755893958,1685537267.0,756174564.0,-1.6230411202394737,48.6864870075,0.4256212382009038,1.0,1685537268.0,305037259.5,-3.0978009373662996,28.666219727940636,28.833115061299228,0.385151634302886,-0.1980616755893958
268,48.478124141693115,1.2362320609545865,20.220760019037648,-0.0124594325288713,1.228995937745376,1685537268.0,347431898.0,-1.4433890163622647,49.105965542999996,0.4308316692350692,1.0,1685537268.0,676674723.5,-2.679621077316851,28.885205523962348,29.009230725400933,0.4432911017639405,-0.22899593774537608
269,48.664352893829346,1.1698059856499423,20.196240525581256,-0.009850913444262,1.2020330360591116,1685537268.0,615112304.0,-1.3666821991871814,49.283639121,0.43286068500689645,1.0,1685537268.0,866937040.5,-2.5364881848371237,29.087398595418744,29.19778295283028,0.44271159845115843,-0.2020330360591116
270,48.73740339279175,1.181217571304779,20.178680703245934,0.0071043111295314,1.1816148739920191,1685537268.0,865398883.0,-1.3320588411030099,49.36354022,0.4337332598580661,1.0,1685537268.0,941116451.5,-2.513276412407789,29.184859516754063,29.292875982699883,0.4266289487285347,-0.18161487399201914
271,49.07429838180542,1.1012922175209858,20.28391689342071,-0.0083832549240726,1.1905190899423066,1685537268.0,971034765.0,-1.1882314264649945,49.6938379285,0.43710531936184566,1.0,1685537269.0,254422902.5,-2.28952364398598,29.409921035079293,29.49890462044261,0.44548857428591826,-0.1905190899423066
272,49.07435846328735,0.9996344186542042,20.474069228405387,-0.0290068621506493,1.2171293572062414,1685537269.0,171484708.0,-1.1606098328438041,49.75698600975,0.43770594692064896,1.0,1685537269.0,325911938.5,-2.1602442514980082,29.282916781344614,29.36249087610389,0.46671280907129825,-0.21712935720624138
273,49.168405294418335,0.976234233296666,20.614208625643823,-0.0337173049699212,1.2341434979515995,1685537269.0,299170255.0,-1.1503877837352907,49.7803279635,0.4379234518179088,1.0,1685537269.0,361993670.0,-2.1266220170319565,29.166119337856177,29.243546953702335,0.47164075678783,-0.2341434979515995
274,49.168407678604126,0.97454836804817,20.675915800541404,-0.0337173049699212,1.2341434979515995,1685537269.0,345969915.0,-1.1401657346267775,49.803669917250005,0.4381409567151686,1.0,1685537269.0,398075401.5,-2.1147141026749474,29.1277541167086,29.204418768732364,0.4718582616850898,-0.2341434979515995
275,49.7798490524292,0.972862502799674,20.737622975438985,-0.0337173049699212,1.2341434979515995,1685537269.0,383951663.0,-0.9692888143600833,50.19208507525,0.4414436442515275,1.0,1685537269.25,579661964.5,-1.9421513171597573,29.454462099811014,29.518422880092167,0.4751609492214487,-0.2341434979515995
276,49.77985167503357,0.893689855100915,20.77275350823836,-0.0330016215543336,1.2175315563589149,1685537269.0,813446044.0,-0.943017239596246,50.251534509500004,0.44189776250042967,1.0,1685537269.5,409414529.0,-1.8367070946971609,29.478781001261645,29.535944580664005,0.4748993840547633,-0.21753155635891486
277,49.806329011917114,0.8920397740231983,20.833630086056303,-0.0330016215543336,1.2175315563589149,1685537269.0,894048690.0,-0.9167456648324086,50.31098394375,0.4423518807493319,1.0,1685537269.75,239167093.5,-1.8087854388556068,29.4773538576937,29.532796941967852,0.4753535023036655,-0.21753155635891486
278,50.00521278381348,0.8476301815342534,20.97821169096879,-0.0428886966166751,1.2368862650229084,1685537270.0,39748191.0,-0.7782917825882587,50.623273182,0.444513496246794,1.0,1685537270.0,191748380.5,-1.625921964122512,29.645061491031207,29.689615912645912,0.4874021928634691,-0.23688626502290844
279,50.120238304138184,0.8808407664625175,20.94286395578772,-0.0181994532790534,1.2061680459841762,1685537270.0,205562829.0,-0.7552993624718499,50.674976873666665,0.44483398040111255,1.0,1685537270.0,251833279.66666666,-1.6361401289343673,29.732112917878947,29.777096787346707,0.463033433680166,-0.20616804598417615
280,50.12024140357971,0.8799307937985649,21.00317235808693,-0.0181994532790534,1.2061680459841762,1685537270.0,300716400.0,-0.7446907635908575,50.69882135433333,0.4449788351679633,1.0,1685537270.0,280437866.3333333,-1.6246215573894225,29.695648996246405,29.740056565396856,0.46317828844701675,-0.20616804598417615
281,50.379798889160156,0.8790208211346122,21.06348076038614,-0.0181994532790534,1.2061680459841762,1685537270.0,315819263.0,-0.5845518963137724,51.057891536,0.4469126143258072,1.0,1685537270.0,623002409.5,-1.4635727174483846,29.99441077561386,30.03009695081786,0.4651120676048606,-0.20616804598417615
282,50.5421929359436,0.8062147279879334,21.155802047300234,-0.0352591448673917,1.213764143446963,1685537270.0,607112884.0,-0.5239390049716073,51.1934196235,0.4475196113726001,1.0,1685537270.0,777744173.5,-1.3301537329595408,30.037617576199764,30.067054704565447,0.4827787562399918,-0.21376414344696304
283,50.57406973838806,0.8676918112525139,21.097927425839337,-0.0108884386503447,1.183604794676299,1685537270.0,771888971.0,-0.4888259563778039,51.271853256499995,0.44784160102162085,1.0,1685537270.0,842371224.5,-1.3565177676303177,30.173925830660657,30.204402667295163,0.4587300396719656,-0.1836047946762991
284,50.76194906234741,0.9189211054063148,21.05266175034121,0.005696773414246,1.163302219346625,1685537270.0,830653667.0,-0.4481622365253251,51.3626119375,0.4481836634436204,1.0,1685537270.5,457364678.0,-1.36708334193164,30.30995018715879,30.340764611522797,0.44248689002937436,-0.16330221934662492
285,50.85549545288086,0.8745508321500227,21.16357879851116,-0.0032944815691264,1.173923760706345,1685537270.0,987144947.0,-0.40353723382981455,51.462143707500005,0.44852798323435805,1.0,1685537271.0,59291362.5,-1.2780880659798373,30.298564908988844,30.325509800308556,0.4518224648034844,-0.17392376070634508
286,50.93913793563843,0.7644085527159775,21.313358763179053,-0.0265212510468218,1.1931602483347743,1685537271.0,84384679.0,-0.3459912874498324,51.59038786866667,0.448918218276862,1.0,1685537271.0,197109619.33333334,-1.11039984016581,30.277029105487614,30.297384033272316,0.4754394693236838,-0.1931602483347743
287,51.108760833740234,0.6266934041483978,21.415121141854023,-0.0566843534232467,1.2024718314463416,1685537271.0,172715663.0,-0.3329157500455888,51.619511890333335,0.44899829732774127,1.0,1685537271.0,256236870.6666667,-0.9596091541939866,30.204390748479312,30.219630543996324,0.505682650750988,-0.20247183144634162
288,51.16809105873108,0.4951625339312743,21.597347809885413,-0.0864337324085426,1.2306970465159732,1685537271.0,291575670.0,-0.2823254512261826,51.732136059,0.44926933112848605,1.0,1685537271.0,390779495.0,-0.7774879851574569,30.134788249114585,30.144816310371485,0.5357030635370287,-0.23069704651597323
289,51.35069751739502,0.377767283792471,21.75181465563235,-0.1137009450099868,1.253107204498466,1685537271.0,379365205.0,-0.14991059897160164,52.0266885045,0.4497916711969735,1.0,1685537271.0,609984040.0,-0.5276778827640727,30.27487384886765,30.279472097657326,0.5634926162069603,-0.2531072044984659
290,51.60622525215149,0.2776982507398167,21.949052445796823,-0.137396886751229,1.286895324295898,1685537271.0,565262079.0,-0.0521905458902447,52.243892121,0.4499586390655582,1.0,1685537271.0,865205287.5,-0.3298887966300614,30.29483967520318,30.29663574663706,0.5873555258167872,-0.28689532429589804
291,51.85633111000061,0.3432766961408453,21.96368873341932,-0.0977294965591456,1.2604104333784416,1685537271.0,822685718.0,0.07573212502703286,52.5281818395,0.4499370604907039,1.0,1685537272.0,99773168.0,-0.26754457111381247,30.56449310608068,30.565664051827596,0.5476665570498496,-0.2604104333784416
292,52.028071641922,0.2542020927836121,22.03066225574998,-0.1171774758496798,1.261323601022717,1685537272.0,87203502.0,0.12760815761820693,52.6434835675,0.44985099269139195,1.0,1685537272.0,220777511.0,-0.12659393516540518,30.612821311750018,30.61308306410115,0.5670284685410718,-0.2613236010227169
293,52.26720690727234,0.3369708050187003,21.941372423227936,-0.0811135305438077,1.2208491222304445,1685537272.0,248359680.0,0.23706235373688184,52.886889267,0.44948632146776485,1.0,1685537272.0,477127909.0,-0.09990845128181847,30.945516843772065,30.94567812194165,0.5305998520115726,-0.2208491222304445
294,52.44901466369629,0.1337846775445168,22.162127876860264,-0.1234688616226775,1.2543441678685456,1685537272.0,477384805.0,0.3287224864040883,53.090904522,0.44902316738894177,1.0,1685537272.0,697141170.0,0.1949378088595715,30.928776645139738,30.92939096578308,0.5724920290116193,-0.25434416786854563
295,52.731337547302246,0.206513973445375,22.090801245668096,-0.0926239586771233,1.2193672918104872,1685537272.0,681840658.0,0.4641403135838851,53.392796683499995,0.44805298696286705,1.0,1685537272.5,452987790.0,0.25762634013851005,31.3019954378319,31.30305559719661,0.5406769456399904,-0.2193672918104872
296,52.937615156173706,0.0835803971025768,22.221692416000145,-0.1169860934230225,1.23376656964578,1685537272.0,956933021.0,0.5196046729853221,53.51666747325,0.4475542271697531,1.0,1685537273.0,109273194.75,0.4360242758827453,31.294975057249857,31.298012412979993,0.5645403205927756,-0.23376656964578002
297,52.93762731552124,-0.0347658385818972,22.39119691021455,-0.1412929922244171,1.257062108519588,1685537273.0,63270092.0,0.5379818213043337,53.5577444315,0.4473752247875925,1.0,1685537273.0,139651536.5,0.5727476598862309,31.166547521285448,31.171809769059756,0.5886682170120097,-0.2570621085195881
298,52.973055362701416,-0.0831714982248974,22.580392214465338,-0.1493896054507162,1.2720592268551263,1685537273.0,176146268.0,0.5563589696233454,53.59882138975,0.4471962224054319,1.0,1685537273.0,170029878.25,0.6395304678482429,31.018429175284663,31.025021317018574,0.5965858278561481,-0.2720592268551263
299,53.08137106895447,-0.0906409784974333,22.643995175808094,-0.1493896054507162,1.2720592268551263,1685537273.0,191551685.0,0.6117329071270328,53.722702551,0.4466180031572491,1.0,1685537273.0,284246086.5,0.7023738856244661,31.078707375191904,31.086643131544694,0.5960076086079653,-0.2720592268551263
300,53.27810883522034,-0.0981104587699691,22.70759813715085,-0.1493896054507162,1.2720592268551263,1685537273.0,281048059.0,0.709746837472418,53.942447472,0.4454405844206884,1.0,1685537273.0,520870447.0,0.8078572962423871,31.234849334849148,31.245294787884756,0.5948301898714046,-0.2720592268551263
301,53.42715525627136,-0.2134666963185764,22.73797874223924,-0.1530776971061881,1.2410423835158642,1685537273.0,650205612.0,0.7525565541776018,54.038627911,0.444867520918626,1.0,1685537273.0,641632556.5,0.9660232504961782,31.30064916876076,31.315552674451443,0.5979452180248142,-0.24104238351586416
302,53.869821310043335,-0.3040035988700148,22.844027902501207,-0.1731855613375612,1.2517163014466326,1685537273.0,714531183.0,0.9458902068756088,54.474628615499995,0.44186810083695316,1.0,1685537273.5,595431685.0,1.2498938057456237,31.63060071299879,31.65528606711367,0.6150536621745144,-0.2517163014466326
303,54.133615016937256,-0.1982998143963396,22.75597091429456,-0.1262620890132481,1.2118399393005663,1685537274.0,76542139.0,1.0121418993213123,54.6248128895,0.44066773354464217,1.0,1685537274.0,267167329.5,1.210441713717652,31.868841975205438,31.891821176955755,0.5669298225578903,-0.21183993930056633
304,54.32405138015747,-0.1891761961278916,22.77456213339124,-0.1094831906014209,1.2024854532323088,1685537274.0,315740346.0,1.1637506938119944,54.969952075,0.4376372651736742,1.0,1685537274.0,578136205.0,1.3529268899398859,32.19538994160877,32.22380400669302,0.547120455775095,-0.20248545323230882
305,54.37295866012573,-0.3280193655772446,22.865756264888667,-0.1366297932545175,1.2088095694030294,1685537274.0,553855180.0,1.17837769629232,55.003386625,0.4373201155843912,1.0,1685537274.0,624754905.0,1.5063970618695646,32.13763036011133,32.1729158963119,0.5739499088389087,-0.20880956940302942
306,54.52653646469116,-0.385747497774576,22.94921249523609,-0.1474899702596496,1.2137206033503751,1685537274.0,605671882.0,1.2288246771725782,55.118940640000005,0.4361855766691912,1.0,1685537274.0,722905158.5,1.6145721749471542,32.169728144763916,32.210219685933986,0.5836755469288408,-0.21372060335037513
307,54.92898964881897,-0.3931219962875585,23.00989852540361,-0.1474899702596496,1.2137206033503751,1685537274.0,758545398.0,1.4063833605745792,55.52793936766667,0.4318299021697046,1.0,1685537275.0,107725938.0,1.7995053568621378,32.51804084226306,32.567793903616874,0.5793198724293542,-0.21372060335037513
308,54.92899250984192,-0.3529115259216877,23.03047493273414,-0.1223495947526328,1.2072427957234233,1685537275.0,123960256.0,1.4165820386628656,55.55156402633333,0.43155980029825647,1.0,1685537275.0,153252522.0,1.7694935645845533,32.52108909359919,32.56919316330882,0.5539093950508893,-0.2072427957234233
309,55.17670392990112,-0.3590290056593193,23.090837072520312,-0.1223495947526328,1.2072427957234233,1685537275.0,179910421.0,1.5291157841014669,55.8132567406,0.42843793877305003,1.0,1685537275.0,389805507.0,1.8881447897607861,32.722419668079695,32.77684914205497,0.5507875335256829,-0.2072427957234233
310,55.230512380599976,-0.3851376215097956,23.12740878777452,-0.1128150118883011,1.2017524444297143,1685537275.0,392824172.0,1.5357018241428608,55.8286392212,0.4282461821848661,1.0,1685537275.0,422277593.0,1.9208394456526565,32.70123043342548,32.75759600514006,0.5410611940731672,-0.2017524444297143
311,55.31101870536804,-0.3907783721042106,23.187496409996,-0.1128150118883011,1.2017524444297143,1685537275.0,443395853.0,1.5422878641842546,55.8440217018,0.4280544255966822,1.0,1685537275.0,454749679.0,1.9330662362884652,32.656525291804,32.71368810159002,0.5408694374849833,-0.2017524444297143
312,55.31102252006531,-0.3964191226986256,23.247584032217485,-0.1128150118883011,1.2017524444297143,1685537275.0,508935213.0,1.5488739042256485,55.8594041824,0.4278626690084983,1.0,1685537275.0,487221765.0,1.945293026924274,32.61182015018251,32.669786936379765,0.5406776808967994,-0.2017524444297143
313,55.570443630218506,-0.4020598732930407,23.30767165443897,-0.1128150118883011,1.2017524444297143,1685537275.0,543574333.0,1.7010585857023282,56.217044163,0.4231530759850391,1.0,1685537275.0,789906143.5,2.103118458995369,32.90937250856103,32.97650536609056,0.5359680878733402,-0.2017524444297143
314,55.850911140441895,-0.4501426967567216,23.50035984158968,-0.1225535534401584,1.2321782936887913,1685537275.0,804561138.0,1.7637815935063756,56.365651893666666,0.42106608347951563,1.0,1685537275.3333333,626222689.3333333,2.213924290263097,32.86529205207698,32.93977659959659,0.5436196369196741,-0.23217829368879128
315,55.850913286209106,-0.4562703744287295,23.56196875627412,-0.1225535534401584,1.2321782936887913,1685537275.0,998462915.0,1.7799725514681184,56.404129076333334,0.42051384612665893,1.0,1685537275.6666667,320933023.6666666,2.236242925896848,32.842160320059214,32.91820585803691,0.5430673995668174,-0.23217829368879128
316,56.07413196563721,-0.456335647248868,23.53732244955738,-0.1091123891237373,1.2111708477447052,1685537276.0,52246093.0,1.8499623601972037,56.5710933685,0.4180552944345124,1.0,1685537276.0,134564876.0,2.3062980074460717,33.03377091894262,33.11418172965065,0.5271676835582497,-0.21117084774470518
317,56.12301731109619,-0.665196928898493,23.709027396244675,-0.1539909343753779,1.2356937095035565,1685537276.0,180364608.0,1.9390536930748525,56.784942555499995,0.4147818774982508,1.0,1685537276.0,355339169.0,2.6042506219733457,33.07591515925532,33.17828031897229,0.5687728118736287,-0.2356937095035565
318,56.63350820541382,-0.672896475617262,23.770812081719853,-0.1539909343753779,1.2356937095035565,1685537276.0,348177433.0,2.1040257580051973,57.18609155,0.40818972288238703,1.0,1685537276.0,787379900.0,2.776922233622459,33.41527946828015,33.53046672855675,0.5621806572577649,-0.2356937095035565
319,56.732478857040405,-0.592594815478557,23.68467480182977,-0.119529907736662,1.2020860152856176,1685537276.0,865588426.0,2.1381927433907952,57.269939629,0.4067490687693437,1.0,1685537276.0,854977448.0,2.730787558869352,33.58526482717023,33.69610087536588,0.5262789765060056,-0.20208601528561765
320,56.90443825721741,-0.5985713108653901,23.74477910259405,-0.119529907736662,1.2020860152856176,1685537276.0,915931224.0,2.240986718834773,57.5240456345,0.4022431286980751,1.0,1685537277.0,145470022.5,2.839558029700163,33.77926653190595,33.898406116476565,0.521773036434737,-0.20208601528561765
321,57.397897243499756,-0.6045478062522232,23.80488340335833,-0.119529907736662,1.2020860152856176,1685537277.0,72578191.0,2.458436997564058,58.0714093925,0.39183691638163765,1.0,1685537277.0,658840536.5,3.0629848038162812,34.26652598914167,34.4031492638818,0.5113668241182996,-0.20208601528561765
322,57.568726539611816,-0.729738833015339,23.922674646019207,-0.1474141062843842,1.2155789521187823,1685537277.0,615840196.0,2.519830253069148,58.228627729500005,0.3886728326222114,1.0,1685537277.0,839631080.0,3.2495690860844872,34.3059530834808,34.459514160986394,0.5360869389065956,-0.2155789521187823
323,57.80186605453491,-0.650435343556748,23.83417359015592,-0.1196960717581551,1.1878587818069006,1685537277.0,800765514.0,2.600327006642451,58.437074113,0.3843394468337534,1.0,1685537277.5,536216020.5,3.2507623501991993,34.60290052284408,34.75526119095231,0.5040355185919084,-0.18785878180690063
324,58.111005783081055,-0.6437418663837945,23.85089674490833,-0.1119701885949132,1.1864095740461478,1685537278.0,33310651.0,2.6686660291066207,58.615573454,0.38054077987684853,1.0,1685537278.0,280496597.0,3.312407895490415,34.764676709091674,34.92212468842307,0.49251096847176173,-0.18640957404614777
325,58.33878946304321,-0.7741169017430886,24.07912307144669,-0.1367133899912608,1.219903625742924,1685537278.0,344064712.0,2.805784387078182,58.97974376649999,0.37246514209918785,1.0,1685537278.0,567312240.0,3.5799012888212705,34.900620695053306,35.08374293227117,0.5091785320904486,-0.2199036257429241
326,58.5602023601532,-0.7708924804534946,24.12552702696808,-0.1318194292627109,1.222668815069421,1685537278.0,570394515.0,2.85176453087624,59.103808689,0.3696153974342129,1.0,1685537278.0,700276374.0,3.6226570113297347,34.97828166203192,35.1653783123426,0.5014348266969237,-0.22266881506942093
327,58.678969621658325,-0.8594478092201244,24.269393833239988,-0.1475681519726212,1.2385652958724496,1685537278.0,755317687.0,2.917378890051391,59.2821451905,0.3654571116567078,1.0,1685537278.0,883247017.5,3.7768266992715156,35.012751357260015,35.21586542343725,0.513025263629329,-0.23856529587244957
