,Time,x,y,v_x,v_y,x_target,y_target,error_x,error_y,euclidean
0,5.377212762832642,1.577044640471868,4.580056929135005,0.4103257201247031,0.6887751082173373,1.8666666666666676,3.7244257690514386,0.2896220261947995,-0.8556311600835667,0.9033192127720583
1,5.377220153808594,1.6708761976115771,4.663308292382406,0.4289392569112106,0.6748221545121674,1.8833333333333344,3.71954215567874,0.21245713572175728,-0.9437661367036663,0.9673843886003415
2,5.441895008087158,1.6923231604571376,4.697049400108014,0.4289392569112106,0.6748221545121674,1.9250000000000012,3.7071473908676467,0.23267683954286356,-0.9899020092403674,1.0168797861880094
3,5.455281972885132,1.713770123302698,4.730790507833622,0.4289392569112106,0.6748221545121674,1.9666666666666677,3.6945054849566814,0.2528965433639696,-1.0362850228769407,1.0666973845868872
4,5.4958815574646,1.7352170861482583,4.76453161555923,0.4289392569112106,0.6748221545121674,1.9833333333333343,3.6893747304841105,0.24811624718507597,-1.0751568850751196,1.1034146997578198
5,5.791775226593018,1.8275592246034496,4.815514274417463,0.4353349480599955,0.6172427852838155,2.057142857142858,3.666179358406822,0.22958363253940828,-1.1493349160106412,1.172040696175341
6,5.7917773723602295,1.892634096407035,4.803248215175774,0.4508055567669634,0.5985180813257072,2.064285714285715,3.6638754255472237,0.17165161787868,-1.1393727896285504,1.1522302858657696
7,5.7917799949646,1.915174374245383,4.833174119242059,0.4508055567669634,0.5985180813257072,2.071428571428572,3.6615714926876257,0.156254197183189,-1.1716026265544337,1.1819763486155765
8,5.791781902313232,1.9377146520837312,4.863100023308345,0.4508055567669634,0.5985180813257072,2.078571428571429,3.6592675598280273,0.140856776487698,-1.2038324634803175,1.212045061708349
9,5.8508453369140625,1.9602549299220795,4.89302592737463,0.4508055567669634,0.5985180813257072,2.0857142857142863,3.6569636269684294,0.1254593557922068,-1.2360623004062008,1.2424129991437085
10,5.930093288421631,2.051569168688056,4.923565565144985,0.4806047806587718,0.5987840073798536,2.0928571428571434,3.654659694108831,0.04128797416908725,-1.268905871036154,1.269577412512135
11,6.038750171661377,2.0755994077209947,4.953504765513978,0.4806047806587718,0.5987840073798536,2.108333333333334,3.649606967490951,0.03273392561233912,-1.3038977980230273,1.304308620524795
12,6.078779220581055,1.959205496845087,4.880449329450143,0.4190894024703923,0.5536653150776195,2.116666666666667,3.6468581737326686,0.1574611698215802,-1.2335911557174746,1.2436000801969882
13,6.08873176574707,1.998777972787252,4.855228463974892,0.4137255031119288,0.4894118746801461,2.1250000000000004,3.6441093799743864,0.12622202721274833,-1.2111190840005053,1.2176787079455396
14,6.098847150802612,2.0554964011926,4.7895827195795695,0.4279146923455721,0.4539247427872196,2.1333333333333337,3.6413605862161043,0.07783693214073395,-1.1482221333634652,1.1508573567348948
15,6.1455583572387695,2.076892135809878,4.812278956718931,0.4279146923455721,0.4539247427872196,2.141666666666667,3.638611792457822,0.06477453085678908,-1.1736671642611087,1.1754532539886176
16,6.275887489318848,2.0982878704271566,4.834975193858292,0.4279146923455721,0.4539247427872196,2.16,3.6324917295356025,0.061712129572843555,-1.2024834643226896,1.2040659736517398
17,6.275889158248901,2.119683605044435,4.857671430997653,0.4279146923455721,0.4539247427872196,2.1700000000000004,3.629120460371665,0.05031639495556517,-1.2285509706259883,1.229580915201347
18,6.317913293838501,2.124220885808432,4.859269494409779,0.412937821862982,0.434191045259546,2.18,3.625749191207728,0.055779114191568,-1.233520303202051,1.2347808096952575
19,6.4118077754974365,2.1448677769015814,4.880979046672756,0.412937821862982,0.434191045259546,2.1900000000000004,3.622377922043791,0.04513222309841902,-1.2586011246289655,1.259410063672314
20,6.419708490371704,2.1655146679947306,4.902688598935733,0.412937821862982,0.434191045259546,2.2083333333333335,3.6161369456349957,0.0428186653386029,-1.2865516533007377,1.2872639957336804
21,6.452009677886963,2.11379021002628,4.907509685405087,0.392109944331025,0.4361323512199856,2.216666666666667,3.6132672383901383,0.10287645664038658,-1.2942424470149483,1.298324719392696
22,6.494023084640503,2.133395707242831,4.929316302966086,0.392109944331025,0.4361323512199856,2.225,3.6103975311452805,0.09160429275716897,-1.3189187718208055,1.3220960907259514
23,6.544743061065674,2.1530012044593825,4.9511229205270855,0.392109944331025,0.4361323512199856,2.2333333333333334,3.6075278239004227,0.08033212887395091,-1.3435950966266628,1.345994440779245
24,6.603854179382324,2.22810378044579,4.923836431236916,0.41379501899864,0.4034842571685565,2.2416666666666667,3.6046581166555653,0.013562886220876536,-1.3191783145813507,1.3192480348836353
25,6.658180236816406,2.248793531395722,4.944010644095344,0.41379501899864,0.4034842571685565,2.26,3.5982727255489864,0.011206468604277653,-1.3457379185463574,1.3457845779886397
26,6.695730686187744,2.269483282345654,4.964184856953771,0.41379501899864,0.4034842571685565,2.27,3.594757041687265,0.0005167176543459107,-1.3694278152665063,1.3694279127514273
27,6.773650169372559,2.290173033295586,4.984359069812199,0.41379501899864,0.4034842571685565,2.28,3.5912413578255435,-0.010173033295586276,-1.3931177119866556,1.3931548550169746
28,6.814623832702637,2.3436378042358443,4.954255456163393,0.4251181427897069,0.382276784848338,2.29,3.5877256739638224,-0.0536378042358443,-1.3665297821995708,1.3675820486104844
29,6.877707004547119,2.3648937113753297,4.97336929540581,0.4251181427897069,0.382276784848338,2.3166666666666664,3.578231044328506,-0.048227044708663236,-1.395138251077304,1.3959715568235516
30,6.917994499206543,2.538253449588744,4.882659534588059,0.4836571770334611,0.340009818662787,2.3333333333333335,3.572252098554911,-0.20492011625541062,-1.3104074360331475,1.3263332546751208
31,6.94611930847168,2.562436308440417,4.8996600255211975,0.4836571770334611,0.340009818662787,2.3625,3.561699787365271,-0.19993630844041732,-1.3379602381559264,1.3528163682921066
32,7.012736082077026,2.58661916729209,4.916660516454336,0.4836571770334611,0.340009818662787,2.375,3.5571264219492265,-0.21161916729209018,-1.35953409450511,1.375905384133381
33,7.045171499252319,2.5872244133011946,4.913600439364055,0.46495969584135,0.3189263989881226,2.3874999999999997,3.5525530565331818,-0.19972441330119484,-1.3610473828308733,1.3756234294236473
34,7.1065521240234375,2.610472398093262,4.929546759313461,0.46495969584135,0.3189263989881226,2.4099999999999997,3.544250039781807,-0.20047239809326234,-1.3852967195316541,1.3997271818259536
35,7.175115346908569,2.633720382885329,4.945493079262867,0.46495969584135,0.3189263989881226,2.4199999999999995,3.5405203884464767,-0.21372038288532957,-1.4049726908163906,1.4211349914770592
36,7.195002555847168,2.656968367677397,4.961439399212273,0.46495969584135,0.3189263989881226,2.4299999999999997,3.5367907371111467,-0.22696836767739725,-1.4246486621011267,1.442615142840485
37,7.253142595291138,2.6560998777021827,4.945395023851359,0.4512594520122986,0.3016732328089474,2.4399999999999995,3.5330610857758162,-0.2160998777021832,-1.4123339380755424,1.4287709087823943
38,7.312178134918213,2.6786628503027976,4.960478685491806,0.4512594520122986,0.3016732328089474,2.4624999999999995,3.5245811377207374,-0.21616285030279814,-1.4358975477710683,1.4520771830539854
39,7.363475799560547,2.635341838774671,4.854405956608023,0.4272511220288883,0.2575234649743133,2.4749999999999996,3.5198308410009886,-0.16034183877467134,-1.3345751156070342,1.3441726988966751
40,7.397947788238525,2.6567043948761158,4.867282129856738,0.4272511220288883,0.2575234649743133,2.4874999999999994,3.51508054428124,-0.16920439487611638,-1.3522015855754983,1.36274695203412
41,7.466697454452515,2.67806695097756,4.880158303105453,0.4272511220288883,0.2575234649743133,2.5124999999999993,3.5054921933168695,-0.1655669509775608,-1.374666109788584,1.3846007831347218
42,7.508993148803711,2.7424509320034463,4.835861262448286,0.4433730143354821,0.2360983169455963,2.524999999999999,3.5006541390722483,-0.21745093200344723,-1.3352071233760374,1.352798200081328
43,7.557782173156738,2.76461958272022,4.847666178295565,0.4433730143354821,0.2360983169455963,2.5374999999999988,3.495816084827627,-0.22711958272022104,-1.351850093467938,1.3707961117774883
44,7.601487159729004,2.7867882334369942,4.859471094142845,0.4433730143354821,0.2360983169455963,2.562499999999999,3.486052702614904,-0.2242882334369951,-1.3734183915279408,1.3916117597395776
45,7.650031328201294,2.7220669793433525,4.806481453464908,0.4102175782013796,0.2113740203153186,2.574999999999999,3.4811273746468028,-0.14706697934335367,-1.3253540788181053,1.3334887066087087
46,7.70241379737854,2.74264668855353,4.813129702194992,0.4072235308751555,0.207043624625693,2.5874999999999986,3.4762020466787016,-0.1551466885535313,-1.3369276555162903,1.345899718052356
47,7.845835447311401,2.8099391758386627,4.7640576230260026,0.424332961734333,0.1853797235196898,2.6099999999999985,3.4672670313802887,-0.19993917583866416,-1.2967905916457139,1.3121133764335629
48,7.845837354660034,2.83115582392538,4.773326609201988,0.424332961734333,0.1853797235196898,2.6199999999999988,3.463257344049978,-0.21115582392538101,-1.3100692651520105,1.3269771141483697
49,7.845839500427246,2.830148397377416,4.814079151048277,0.4124093800377029,0.2017212967853548,2.6299999999999986,3.4592476567196666,-0.20014839737741763,-1.3548314943286108,1.3695355997554228
50,7.942012786865234,2.8507688663793007,4.824165215887545,0.4124093800377029,0.2017212967853548,2.639999999999999,3.455237969389356,-0.21076886637930192,-1.3689272464981892,1.385057876494672
51,7.942301988601685,2.8713893353811857,4.8342512807268125,0.4124093800377029,0.2017212967853548,2.6599999999999984,3.447149570738295,-0.21138933538118732,-1.3871017099885177,1.4031167467342016
52,7.991703748703003,2.89200980438307,4.84433734556608,0.4124093800377029,0.2017212967853548,2.6699999999999986,3.4430708594175456,-0.2220098043830716,-1.4012664861485344,1.4187445571508885
53,8.079869270324707,2.912630273384956,4.854423410405348,0.4124093800377029,0.2017212967853548,2.6799999999999984,3.438992148096796,-0.23263027338495768,-1.4154312623085517,1.434420615585101
54,8.087532997131348,2.917448310869524,4.851591024109292,0.4027285413367671,0.1928448307111919,2.6899999999999986,3.4349134367760468,-0.22744831086952555,-1.4166775873332456,1.434819891334709
55,8.207920551300049,2.9375847379363624,4.861233265644852,0.4027285413367671,0.1928448307111919,2.7083333333333317,3.4273786192524183,-0.22925140460303073,-1.433854646392434,1.4520658915812445
56,8.209049701690674,2.9472428112201285,4.847657918501173,0.3973125029108771,0.1800888789432085,2.716666666666665,3.4239225130495394,-0.23057614455346354,-1.4237354054516334,1.4422856385521097
57,8.254546880722046,2.967108436365673,4.856662362448334,0.3973125029108771,0.1800888789432085,2.7249999999999983,3.4204664068466606,-0.2421084363656747,-1.436195955601673,1.4564598579590289
58,8.31779932975769,2.9869740615112166,4.865666806395494,0.3973125029108771,0.1800888789432085,2.7333333333333316,3.4170103006437818,-0.25364072817788497,-1.4486565057517127,1.4706934727016945
59,8.353596210479736,2.928597003217026,4.776227708306669,0.3692565078416683,0.1432374330126259,2.741666666666665,3.413554194440903,-0.18693033655036118,-1.362673513865766,1.3754352242523473
60,8.410647869110107,2.9470598286091096,4.7833895799573005,0.3692565078416683,0.1432374330126259,2.759999999999998,3.405882559401152,-0.18705982860911163,-1.3775070205561484,1.3901499815346354
61,8.447433233261108,2.965522654001193,4.790551451607932,0.3692565078416683,0.1432374330126259,2.7699999999999982,3.4016670305642807,-0.19552265400119495,-1.3888844210436515,1.4025794249330161
62,8.498410701751709,2.9839854793932767,4.797713323258564,0.3692565078416683,0.1432374330126259,2.779999999999998,3.3974515017274087,-0.2039854793932787,-1.400261821531155,1.4150417819418104
63,8.546778202056885,3.0024483047853603,4.804875194909196,0.3692565078416683,0.1432374330126259,2.7899999999999983,3.3932359728905372,-0.21244830478536203,-1.411639222018659,1.4275361905561692
64,8.6123046875,3.020911130177444,4.812037066559827,0.3692565078416683,0.1432374330126259,2.8124999999999982,3.383666308202518,-0.2084111301774456,-1.428370758357309,1.4434951411459875
65,8.6484055519104,3.0393739555695274,4.819198938210459,0.3692565078416683,0.1432374330126259,2.824999999999998,3.3783121723513707,-0.21437395556952943,-1.440886765859088,1.4567466714753081
66,8.699528694152832,3.0165607688693847,4.788305269061997,0.3501129572126041,0.1255652122843525,2.8374999999999977,3.3729580365002234,-0.17906076886938704,-1.4153472325617735,1.4266290855258654
67,8.751303672790527,3.034066416730015,4.794583529676214,0.3501129572126041,0.1255652122843525,2.874999999999998,3.356727250154912,-0.1590664167300173,-1.4378562795213021,1.4466280812600618
68,8.809487342834473,3.051572064590645,4.800861790290432,0.3501129572126041,0.1255652122843525,2.908333333333331,3.3421692857840664,-0.143238731257314,-1.4586925045063652,1.4657084146702772
69,8.876603841781616,2.973020870177736,4.705736546927683,0.3159190327288961,0.0894680048881554,2.9166666666666643,3.338487971907384,-0.05635420351107179,-1.3672485750202985,1.368409464359409
70,9.02654218673706,2.9737781784597,4.7103078523816455,0.3098837048292144,0.0917913293230308,2.924999999999997,3.334806658030702,-0.048778178459703,-1.3755011943509436,1.3763658112415895
71,9.026608228683472,2.989272363701161,4.714897418847797,0.3098837048292144,0.0917913293230308,2.9333333333333305,3.3311253441540196,-0.055939030367830433,-1.3837720746937774,1.3849022816866228
72,9.026681900024414,3.0047665489426216,4.7194869853139485,0.3098837048292144,0.0917913293230308,2.9416666666666638,3.3274440302773374,-0.06309988227595786,-1.3920429550366111,1.3934723477020634
73,9.036463022232056,2.8904326121124546,4.711309939887432,0.2636644003048518,0.0872463670036495,2.9583333333333304,3.320026006940332,0.06790072122087576,-1.3912839329471,1.3929398730810552
74,9.092435836791992,2.903615832127697,4.715672258237614,0.2636644003048518,0.0872463670036495,2.9666666666666637,3.316289297480008,0.06305083453896687,-1.399382960757606,1.4008026551212642
75,9.157807350158691,2.988658894215756,4.703762508462056,0.2931246696423871,0.0785302284034215,2.974999999999997,3.3125525880196847,-0.013658894215759165,-1.3912099204423711,1.3912769703148493
76,9.255255699157715,3.022632322542288,4.709336134204552,0.3002168511713879,0.0776387276545588,2.9833333333333307,3.3088158785593613,-0.03929898920895747,-1.4005202556451906,1.401071517455592
77,9.28176236152649,3.037643165100857,4.71321807058728,0.3002168511713879,0.0776387276545588,2.991666666666664,3.3050791690990375,-0.04597649843419305,-1.4081389014882428,1.4088892803527127
78,9.353609085083008,3.093251606585423,4.687595977099471,0.3150833059794102,0.0656461124253434,3.009999999999997,3.296792381987355,-0.08325160658542607,-1.3908035951121156,1.3932930309794276
79,9.353611469268799,3.109005771884393,4.690878282720738,0.3150833059794102,0.0656461124253434,3.0199999999999974,3.2922423043359963,-0.08900577188439573,-1.3986359783847417,1.401465171690321
80,9.442707538604736,3.124759937183364,4.694160588342005,0.3150833059794102,0.0656461124253434,3.029999999999997,3.287692226684637,-0.09475993718336673,-1.4064683616573674,1.4096569433866366
81,9.442710876464844,3.109501332380974,4.678704972862111,0.304361364941764,0.0591679137814268,3.0399999999999974,3.2831421490332784,-0.06950133238097678,-1.3955628238288322,1.3972923926135987
82,9.524955749511719,3.1247194006280625,4.681663368551182,0.304361364941764,0.0591679137814268,3.0562499999999972,3.2757072907904465,-0.06846940062806528,-1.4059560777607354,1.407622304247385
83,9.585098505020142,3.139937468875151,4.684621764240253,0.304361364941764,0.0591679137814268,3.0624999999999973,3.2728225101989734,-0.07743746887515357,-1.4117992540412798,1.4139213893626847
84,9.585107564926147,3.1551555371222397,4.6875801599293245,0.304361364941764,0.0591679137814268,3.068749999999997,3.2699377296075007,-0.08640553712224275,-1.4176424303218238,1.4202732050891302
85,9.757779359817505,3.170373605369328,4.690538555618396,0.304361364941764,0.0591679137814268,3.074999999999997,3.267052949016028,-0.09537360536933104,-1.4234856066023678,1.4266770471291867
86,9.816608667373657,3.226115749307543,4.677743119728452,0.3191603774208496,0.0534147622004194,3.081249999999997,3.2641681684245554,-0.14486574930754603,-1.4135749513038962,1.420978616403586
87,9.816784143447876,3.2420737681785856,4.680413857838473,0.3191603774208496,0.0534147622004194,3.087499999999997,3.2612833878330827,-0.1545737681785888,-1.4191304700053902,1.4275238494353248
88,9.81678819656372,3.244521291465948,4.67054321078939,0.3129264793845943,0.0473017680941254,3.093749999999997,3.2583986072416096,-0.15077129146595114,-1.4121446035477803,1.4201705403434577
89,9.879364967346191,3.178474245104006,4.625381098352205,0.2837968932633799,0.0303548887523649,3.157142857142854,3.2287204615755463,-0.021331387961152082,-1.3966606367766583,1.396823525873519
90,10.022022008895874,3.219324915022139,4.6223734677173365,0.2895814792287757,0.0294586221543025,3.164285714285711,3.225330889902484,-0.05503920073642776,-1.3970425778148523,1.3981263454513946
91,10.022163391113281,3.2520883151356665,4.609117491097566,0.2960383361972886,0.0242573120426943,3.171428571428568,3.2219413182294216,-0.08065974370709839,-1.387176172868144,1.3895192437775037
92,10.155937433242798,3.266890231945531,4.6103303566997,0.2960383361972886,0.0242573120426943,3.1785714285714253,3.218551746556359,-0.08831880337410558,-1.3917786101433411,1.394578040369905
93,10.155941486358643,3.281692148755395,4.611543222301835,0.2960383361972886,0.0242573120426943,3.1857142857142824,3.2151621748832966,-0.09597786304111278,-1.3963810474185383,1.3996755980525033
94,10.155946016311646,3.235973954220878,4.522014420713725,0.2743780472565004,-0.0061887739960514,3.1928571428571395,3.2117726032102345,-0.04311681136373835,-1.3102418175034902,1.3109510592531766
95,10.231032133102417,3.235115641426152,4.499314855161914,0.2720378927471322,-0.0141612079278015,3.2166666666666632,3.2003670857568562,-0.018448974759488923,-1.2989477694050575,1.2990787783318034
96,10.245163440704346,3.2487175360635083,4.498606794765523,0.2720378927471322,-0.0141612079278015,3.23333333333333,3.1923511399765405,-0.015384202730178487,-1.3062556547889828,1.3063462440570024
97,10.319543838500977,3.262319430700865,4.497898734369133,0.2720378927471322,-0.0141612079278015,3.2583333333333298,3.180274149495098,-0.003986097367535191,-1.3176245848740349,1.3176306142605736
98,10.349770307540894,3.302667833772492,4.463188604497881,0.2816350513659705,-0.0272638436372933,3.266666666666663,3.1762131047939706,-0.0360011671058289,-1.2869754997039102,1.2874789399718782
99,10.451148986816406,3.3167495863407903,4.461825412316016,0.2816350513659705,-0.0272638436372933,3.2749999999999964,3.1721520600928432,-0.041749586340793954,-1.289673352223173,1.290348938618614
100,10.451205968856812,3.3308313389090887,4.460462220134152,0.2816350513659705,-0.0272638436372933,3.2833333333333297,3.1680910153917163,-0.047498005575759006,-1.292371204742436,1.293243747860816
101,10.4901704788208,3.344913091477387,4.459099027952287,0.2816350513659705,-0.0272638436372933,3.291666666666663,3.1640299706905894,-0.05324642481072406,-1.2950690572616974,1.2961632014649334
102,10.656359434127808,3.373076596613984,4.456372643588558,0.2816350513659705,-0.0272638436372933,3.316666666666663,3.151741505167441,-0.0564099299473213,-1.3046311384211164,1.3058501014797372
103,10.65636157989502,3.4323868214953044,4.248880916975965,0.2983209409527008,-0.1028228477519704,3.3333333333333295,3.14351408434542,-0.0990534881619749,-1.105366832630545,1.10979612010348
104,10.749558925628662,3.391183511777212,4.194577950124701,0.2774795384760187,-0.1210803872033309,3.4249999999999963,3.097637467496071,0.03381648822278427,-1.0969404826286304,1.0974616063012201
105,10.869951009750366,3.3522987454267863,4.141649289920217,0.2575519499449993,-0.1388874832677232,3.5166666666666626,3.0507283340793157,0.1643679212398763,-1.0909209558409012,1.103234039279764
106,10.869954109191895,3.4353816660897256,4.193041096689397,0.2799258725624938,-0.1132960851639402,3.5333333333333288,3.0420879190206755,0.09795166724360316,-1.1509531776687214,1.155113737387591
107,11.113392353057861,3.463374253345975,4.181711488173002,0.2799258725624938,-0.1132960851639402,3.774999999999994,2.9130497592294553,0.3116257466540193,-1.2686617289435471,1.306374061463142
108,11.240858554840088,3.5226424664285894,4.171163407607535,0.3017446018702334,-0.1148245209630992,3.9166666666666607,2.8342298555690575,0.3940242002380714,-1.3369335520384777,1.3937885036616828
109,11.240862131118774,3.650377894220462,4.205517687242458,0.3522270329123738,-0.0971830259071889,3.9333333333333274,2.8248055590890027,0.28295543911286547,-1.3807121281534553,1.4094075923428249
110,11.331502199172974,3.6856005975117,4.19579938465174,0.3522270329123738,-0.0971830259071889,4.024999999999993,2.7724102845978287,0.33939940248829314,-1.4233891000539112,1.463293710969091
111,11.476463794708252,3.777692602534096,4.105273286408136,0.372660352630459,-0.1286887009753511,4.124999999999993,2.7141939347177653,0.3473073974658969,-1.3910793516903706,1.4337796870627775
112,11.53621768951416,3.845927178756985,3.9828783699750514,0.391173678849623,-0.1719698857075753,4.16666666666666,2.6896191279784603,0.320739487909675,-1.2932592419965911,1.3324388489210897
113,11.536221027374268,3.8654858626994666,3.974279875689672,0.391173678849623,-0.1719698857075753,4.1833333333333265,2.6797352156718484,0.3178474706338599,-1.2945446600178236,1.3329939577391208
114,11.65891408920288,3.908853203032257,3.962790768099529,0.3999886725680557,-0.1730401156989781,4.262499999999993,2.6323869058190024,0.35364679696773615,-1.3304038622805265,1.3766046977169886
115,11.659083366394043,3.92885263666066,3.95413876231458,0.3999886725680557,-0.1730401156989781,4.274999999999993,2.6248412280980724,0.34614736333933305,-1.3292975342165074,1.3736265619231667
116,11.775405883789062,3.948852070289063,3.945486756529631,0.3999886725680557,-0.1730401156989781,4.2874999999999925,2.6172955503771425,0.3386479297109295,-1.3281912061524888,1.370683880549524
117,11.779810428619385,3.9688515039174654,3.936834750744682,0.3999886725680557,-0.1730401156989781,4.324999999999992,2.5945280308081107,0.35614849608252674,-1.3423067199365715,1.3887509069839425
118,11.888161897659302,4.1938152229710015,3.9512426421953153,0.4805377597860782,-0.166125738736895,4.462499999999992,2.50984604799176,0.26868477702899085,-1.4413965942035554,1.4662249660910591
119,11.916074275970459,4.217842110960305,3.942936355258471,0.4805377597860782,-0.166125738736895,4.4749999999999925,2.5020439896887274,0.2571578890396875,-1.4408923655697436,1.4636601344070692
120,11.916076898574829,4.248633639464292,3.881132687283253,0.4830977983977113,-0.1863715094888229,4.487499999999992,2.494241931385695,0.23886636053569976,-1.386890755897558,1.4073105936465025
121,12.049810647964478,4.31040690952312,3.8550616866940137,0.4976713065794867,-0.192861464759979,4.612499999999992,2.415294452217692,0.3020930904768715,-1.4397672344763217,1.4711185964379156
122,12.04990005493164,4.369546778413361,3.6621313821534898,0.5110905760784953,-0.264660827121911,4.624999999999992,2.407308277861527,0.255453221586631,-1.2548231042919626,1.2805613501445006
123,12.05039358139038,4.395101307217286,3.6488983407973934,0.5110905760784953,-0.264660827121911,4.637499999999992,2.3993221035053627,0.24239869278270643,-1.2495762372920307,1.272869945857657
124,12.14238977432251,4.446210364825135,3.6224322580852033,0.5110905760784953,-0.264660827121911,4.724999999999991,2.342942228989969,0.27878963517485555,-1.2794900290952342,1.3095107465137705
125,12.197264671325684,4.499566627892267,3.5198883656895967,0.5107097815542843,-0.3011196241969668,4.7749999999999915,2.3104061510726863,0.27543337210772467,-1.2094822146169104,1.2404478102464682
126,12.220336437225342,4.525102116969981,3.5048323844797484,0.5107097815542843,-0.3011196241969668,4.82499999999999,2.277639034465628,0.29989788303000964,-1.2271933500141206,1.2633060826912696
127,12.303532600402832,4.550637606047695,3.4897764032699,0.5107097815542843,-0.3011196241969668,4.874999999999991,2.244644155853149,0.3243623939522964,-1.245132247416751,1.2866877150915657
128,12.405634641647339,4.522962672047732,3.434391535243373,0.4833210622411529,-0.3196131093255995,4.962499999999991,2.186371887612909,0.43953732795225875,-1.2480196476304641,1.3231576261107667
129,12.40563702583313,4.462925681857854,3.461706071239631,0.4514585891188058,-0.303230187518897,4.974999999999991,2.1779843328994613,0.5120743181421368,-1.2837217383401698,1.382085962879242
130,12.418742895126343,4.270992944131014,3.4438966909500843,0.3663993018230656,-0.3003706083010282,4.98749999999999,2.1695967781860133,0.7165070558689761,-1.274299912764071,1.461924289688268
131,12.534544229507446,4.191608876946471,3.422114084694711,0.3312665680336675,-0.3028028566974791,5.066666666666657,2.1161165253338208,0.8750577897201852,-1.3059975593608901,1.5720546302233194
132,12.534547090530396,4.208172205348155,3.406973941859837,0.3312665680336675,-0.3028028566974791,5.083333333333323,2.1047901651702126,0.8751611279851685,-1.3021837766896245,1.5689453745143347
133,12.587860345840454,4.197040453146811,3.346307626170539,0.3209565113382712,-0.3197508999251349,5.124999999999989,2.0763695924432164,0.9279595468531783,-1.2699380337273225,1.572848222208098
134,12.682684659957886,4.202492608999462,3.228364223869701,0.3170120579154564,-0.3577060402009515,5.224999999999989,2.007582610249018,1.0225073910005271,-1.2207816136206828,1.5924286837422337
135,12.704991102218628,4.218343211895235,3.210478921859653,0.3170120579154564,-0.3577060402009515,5.27499999999999,1.972886259504517,1.056656788104755,-1.2375926623551359,1.6273165536437988
136,12.753005981445312,4.234193814791007,3.192593619849605,0.3170120579154564,-0.3577060402009515,5.324999999999989,1.9379926217781307,1.0908061852089812,-1.2546009980714743,1.6624926460144447
137,12.82476806640625,4.243191905779194,3.2084747826719733,0.3145371044100358,-0.3449239359791953,5.374999999999989,1.902905186404556,1.131808094220795,-1.3055695962674172,1.7278603915946376
138,12.905206680297852,4.353174717537769,3.1745925626677574,0.3576742655928253,-0.3530813256711542,5.466666666666655,1.8380891402349133,1.1134919491288864,-1.336503422432844,1.7395705558986538
139,12.928723812103271,4.37105843081741,3.1569384963842,0.3576742655928253,-0.3530813256711542,5.483333333333322,1.8262368129686157,1.112274902515912,-1.3307016834155845,1.7343363079321876
140,12.998066902160645,4.388942144097051,3.139284430100642,0.3576742655928253,-0.3530813256711542,5.524999999999988,1.7965152763345769,1.136057855902937,-1.3427691537660653,1.758879317140438
141,13.038312196731567,4.363502829831002,3.0820685631292037,0.3406925467917933,-0.3685887223745708,5.624999999999988,1.7246845084137474,1.2614971701689859,-1.3573840547154563,1.8530695028358035
142,13.076093435287476,4.375129976596034,3.0593661979562263,0.3429795699593547,-0.3711751983118576,5.674999999999988,1.688508623777039,1.2998700234039546,-1.3708575741791873,1.8891565754136537
143,13.134729862213135,4.408222317346417,3.0344096498980155,0.348995506867658,-0.3735892869594921,5.724999999999987,1.6521638896850397,1.3167776826535702,-1.3822457602129758,1.909059141871004
144,13.240842342376709,4.562409903302614,2.976354670115167,0.4033049191694801,-0.3858888756540245,5.766666666666654,1.621752548232793,1.2042567633640404,-1.354602121882374,1.8125068994948033
145,13.240954160690308,4.594518990130823,2.8976738071433825,0.4077158829899098,-0.4078207943161103,5.783333333333321,1.6095553329289474,1.1888143432024973,-1.2881184742144351,1.7528630141047845
146,13.302943229675293,4.638417698697444,2.863899155216721,0.4204380773992341,-0.4124356780071621,5.866666666666654,1.5483042573111323,1.2282489679692095,-1.3155948979055885,1.7998292871027084
147,13.317780256271362,4.659439602567405,2.8432773713163626,0.4204380773992341,-0.4124356780071621,5.88333333333332,1.5360017773893342,1.2238937307659157,-1.3072755939270284,1.7907778596703101
148,13.364286422729492,4.663745039330292,2.746149892396702,0.4151261523756794,-0.4414398212069446,5.9249999999999865,1.5051693932548387,1.2612549606696941,-1.2409804991418631,1.7694057406554042
149,13.436881065368652,4.625203744459008,2.543562464744953,0.3923622593393952,-0.5107383074425914,6.024999999999986,1.4307543113920178,1.399796255540978,-1.112808153352935,1.788231400908538
150,13.536961078643799,4.65137702362568,2.480004662072412,0.3949143279172858,-0.5255406646715058,6.074999999999987,1.393330295070765,1.4236229763743067,-1.0866743670016472,1.7909672132005294
151,13.541290521621704,4.677713277900892,2.45601120837991,0.397761684746187,-0.5227186504420872,6.124999999999986,1.3557669468811093,1.4472867220990935,-1.1002442614988006,1.8180143813857415
152,13.593648672103882,4.818524635571935,2.486175726160276,0.4441276914034033,-0.5011311844448231,6.1749999999999865,1.3180680231265678,1.3564753644280518,-1.1681077030337084,1.7901120133072406
153,13.63471269607544,4.840731020142105,2.4611191669380346,0.4441276914034033,-0.5011311844448231,6.224999999999985,1.2802372936681001,1.3842689798578807,-1.1808818732699344,1.8195281276238318
154,13.67403531074524,4.920625219494893,2.367401389960816,0.4671556140123867,-0.5281917631636531,6.274999999999986,1.2422785415471267,1.3543747805050934,-1.1251228484136895,1.7607477019978626
155,13.747300386428833,5.060403191794809,2.4162791355770845,0.5137342254647207,-0.4980700169357115,6.324999999999985,1.2041955626072272,1.2645968082051757,-1.2120835729698574,1.7516711093085064
156,13.793663024902344,5.199088983596621,2.3480866631228423,0.5589440829139101,-0.515389522778949,6.374999999999986,1.1659921651145595,1.175911016403365,-1.1820944980082828,1.6673674222318995
157,13.833650588989258,5.258343936254589,2.2954350193060784,0.5717712050222771,-0.5264034367052657,6.424999999999985,1.1276721693770373,1.1666560637453953,-1.1677628499290411,1.6506836295148433
158,13.872759342193604,5.3520936375309285,2.2053043050020635,0.5975838773789938,-0.5555972688650277,6.474999999999985,1.0892394073623008,1.122906362469057,-1.1160648976397627,1.583199151912716
159,13.985113620758057,5.251504074449976,2.027274441838263,0.5452855074699271,-0.6158249451909369,6.574999999999985,1.012050968370097,1.3234959255500094,-1.0152234734681662,1.6680288264979848
160,14.044279098510742,5.306032625196968,1.9656919473191692,0.5452855074699271,-0.6158249451909369,6.624999999999984,0.9733030101722041,1.318967374803016,-0.9923889371469651,1.6506092021936758
161,14.123460292816162,5.424521306589891,1.9459532061551728,0.5720239418155026,-0.5996495081136937,6.724999999999984,0.8955189898030138,1.300478693410093,-1.050434216352159,1.671722726679576
162,14.188993692398071,5.539157372365136,1.9254046134076137,0.6071607015498784,-0.5938175882823894,6.774999999999984,0.8564907059689341,1.235842627634848,-1.0689139074386795,1.633977950216964
163,14.277364015579224,5.53968491316856,1.8878625353008265,0.5841702532379557,-0.5854753998922624,6.874999999999984,0.7781811045908273,1.3353150868314243,-1.1096814307099991,1.736219818681438
164,14.381795883178711,5.69810628192544,1.7544165663714213,0.623519649376895,-0.6149461993533214,6.974999999999984,0.6995602411464934,1.2768937180745432,-1.054856325224928,1.6562546404841467
165,14.590572834014893,5.834114750160247,1.7110607830329232,0.6506646783469165,-0.6084272994809696,7.174999999999983,0.5415106291697778,1.3408852498397357,-1.1695501538631454,1.77927536251112
166,14.688709735870361,5.884265189650382,1.7523704622544267,0.6543759606686947,-0.5779057666610729,7.224999999999982,0.5018529562110375,1.3407348103496002,-1.2505175060433893,1.833402264808287
167,14.7049400806427,5.9521616496058485,1.6906536640951748,0.6679229218828652,-0.5905453707823333,7.274999999999983,0.46214509837488604,1.322838350394134,-1.2285085657202888,1.8053073415132381
168,14.738180875778198,5.945520578581082,1.6036331562499753,0.6522523454517614,-0.6130482385051799,7.3249999999999815,0.4223910264140167,1.3794794214188997,-1.1812421298359586,1.8161212634121142
169,14.799295902252197,5.981748094867497,1.6170990412446398,0.6536879107999298,-0.5955277772042644,7.374999999999982,0.3825947157024969,1.3932519051324856,-1.2345043255421428,1.8614918213458693
170,14.869943141937256,6.165485340072064,1.5264998831195882,0.7145040536642158,-0.6200159363699204,7.424999999999981,0.3427601458382348,1.259514659927917,-1.1837397372813534,1.728472430845301
171,14.919523477554321,6.283690859794531,1.37937712316224,0.7478123654064918,-0.6672254619579456,7.474999999999981,0.3028913002450212,1.1913091402054503,-1.0764858229172187,1.6056273523077547
172,14.944828987121582,6.345677744184978,1.2924117481861257,0.7560047837776167,-0.690451055711603,7.524999999999981,0.2629921657741922,1.179322255815003,-1.0294195824119334,1.565409102986739
173,15.000890016555786,6.361576828554215,1.130118081154844,0.7468717610579675,-0.7437330172762159,7.5749999999999815,0.2230667323059452,1.2134231714457666,-0.9070513488488987,1.5149712678628955
174,15.049988269805908,6.432864363000362,0.973567489053884,0.7604881560013129,-0.7916150916540673,7.6249999999999805,0.1831189923503555,1.1921356369996188,-0.7904484967035286,1.4303832363899385
175,15.13647985458374,6.459748343224357,0.8950228827977492,0.7559586450387088,-0.807457140093858,7.716666666666647,0.10983699462404793,1.2569183234422905,-0.7851858881737013,1.4820123315249785
176,15.150976419448853,6.497546275476292,0.8546500257930563,0.7559586450387088,-0.807457140093858,7.733333333333314,0.09650815291821636,1.2357870578570216,-0.7581418728748399,1.4498099019433837
177,15.27274465560913,6.682551902510664,0.8244430157804943,0.7986980667590041,-0.785088058973697,7.866666666666647,-0.010147853129773102,1.184114764155983,-0.8345908689102673,1.4486786024376057
178,15.340314626693726,6.732423056091521,0.7648778756425719,0.80034272744583,-0.7937292146124434,7.883333333333313,-0.023481013102495202,1.1509102772417927,-0.7883588887450671,1.395028388142742
179,15.344120502471924,6.8006378376195205,0.6524861700238725,0.8115100970054412,-0.8225233332029755,7.924999999999979,-0.05681207234098595,1.124362162380459,-0.7092982423648585,1.3293962046037062
180,15.394670486450195,6.7930221577250975,0.693309232887094,0.79075661792392,-0.785975092021118,7.97499999999998,-0.0968040304059469,1.1819778422748826,-0.7901132632930409,1.4217420963242122
181,15.530669689178467,6.872097819517489,0.6147117236849822,0.79075661792392,-0.785975092021118,8.116666666666648,-0.21004898338997025,1.244568847149159,-0.8247607070749524,1.493044486687842
182,15.54700493812561,6.903613230003236,0.6093738174358746,0.7875496379797953,-0.7723991692973091,8.133333333333313,-0.22336267912327426,1.2297201033300773,-0.8327364965591488,1.4851469978543341
183,15.630811214447021,7.066484165681752,0.5448928302461081,0.8374101122785271,-0.7828405580398957,8.174999999999981,-0.25663508473640595,1.1085158343182293,-0.8015279149825141,1.3679379932695985
184,15.654419898986816,7.065864348802295,0.4869741408900915,0.8164450263392894,-0.7870001851358103,8.224999999999982,-0.2965386749215779,1.159135651197687,-0.7835128158116694,1.399102494608103
185,15.732309341430664,7.191210147956277,0.2676915842616794,0.8499589705808569,-0.8577495821876377,8.274999999999983,-0.33641261148637236,1.0837898520437053,-0.6041041957480517,1.240782947462334
186,15.77515435218811,7.244672917820682,0.2240073727516637,0.8542025656044548,-0.858084100743367,8.324999999999983,-0.3762529070703611,1.0803270821793012,-0.6002602798220248,1.2358879431494014
187,15.84875226020813,7.32226012080448,0.1556844136430938,0.8683377006668124,-0.868385925795205,8.374999999999984,-0.41605557767718626,1.0527398791955038,-0.5717399913202801,1.197976573612138
188,15.865593671798706,7.356719303666085,0.1986546952641402,0.8648342689469539,-0.8330777112625892,8.474999999999985,-0.4955321271842627,1.1182806963339003,-0.6941868224484029,1.316224547808634
189,15.99164628982544,7.504339816410842,0.1602911751676325,0.889655300115513,-0.8148308053110542,8.524999999999986,-0.5351980584957938,1.0206601835891442,-0.6954892336634263,1.2350920955564268
190,16.00635528564453,7.707477923956323,0.0932614804372005,0.9492896632645932,-0.8278617643192718,8.574999999999987,-0.5748104704474724,0.8675220760436639,-0.6680719508846729,1.0949496262303402
191,16.0703227519989,7.717180734592821,-0.019433968158237,0.9338974553599954,-0.8569256452761465,8.624999999999988,-0.6143654018311135,0.9078192654071664,-0.5949314336728766,1.085393582723093
192,16.131762266159058,7.683909253151984,-0.073328008903492,0.9011369948441872,-0.8616018714907722,8.674999999999988,-0.6538588971865408,0.9910907468480046,-0.5805308882830488,1.1485978324628865
193,16.20361876487732,7.695919946671435,-0.2251954170852939,0.8873835293042336,-0.9066047461211932,8.716666666666656,-0.6867212687301864,1.0207467199952207,-0.46152585164489246,1.1202365723888614
194,16.20362091064453,7.740289123136647,-0.2705256543913536,0.8873835293042336,-0.9066047461211932,8.733333333333322,-0.6998527456640734,0.9930442101966745,-0.4293270912727198,1.081877328862118
195,16.305538415908813,7.844616049856533,-0.3597721182631948,0.8962856955076343,-0.904570622906806,8.874999999999991,-0.8111396324357791,1.0303839501434577,-0.45136751417258436,1.1249105375822444
196,16.614272117614746,7.940966202970111,-0.5425319116139264,0.9168753849746684,-0.9595173245367372,9.174999999999997,-1.0445495676730028,1.2340337970298858,-0.5020176560590763,1.3322391449011872
197,16.646698236465454,7.987286433677541,-0.6439804671184802,0.9170657415902432,-0.9808808156876062,9.216666666666663,-1.0766906640566283,1.2293802329891221,-0.43271019693814805,1.303308816742463
198,16.69445300102234,8.011753567763005,-0.563690785349304,0.9038299999823328,-0.9106573501234432,9.233333333333329,-1.0895258256773388,1.2215797655703238,-0.5258350403280349,1.3299472219932764
199,16.75209927558899,8.056945067762122,-0.6092236528554761,0.9038299999823328,-0.9106573501234432,9.274999999999995,-1.121558612139065,1.218054932237873,-0.512334959283589,1.3214177721118807
200,16.796319484710693,8.103294437320397,-0.6552630380280675,0.904283610847616,-0.9108557851847404,9.324999999999996,-1.1598968244845616,1.221705562679599,-0.504633786456494,1.3218243984416742
201,16.862435817718506,8.185398957793602,-0.7088680233236173,0.9187358942540252,-0.9140142581674592,9.375,-1.1981190481141875,1.189601042206398,-0.48925102479057014,1.2862803756868761
202,16.894357204437256,8.432788339270717,-0.6246222166871626,0.9994336235451652,-0.8617622879865023,9.425,-1.236221460837431,0.9922116607292839,-0.6115992441502683,1.1655632179904887
203,16.931415796279907,8.482760020447975,-0.6677103310864877,0.9994336235451652,-0.8617622879865023,9.475,-1.2742002524447718,0.9922399795520249,-0.6064899213582841,1.1629145289876555
204,16.97944211959839,8.668873416142066,-0.7339644956117577,1.0551338267431385,-0.871240306563608,9.566666666666666,-1.3434961900167859,0.8977932505246002,-0.6095316944050282,1.0851551074255663
205,17.028284788131714,8.716276093339639,-0.7656354194342819,1.0448850644447742,-0.8654862706547517,9.583333333333334,-1.3560473973101903,0.8670572399936951,-0.5904119778759084,1.048987397943763
206,17.091458082199097,8.715970183721508,-0.8310766735926285,1.0236035165107802,-0.8744633467278918,9.66666666666667,-1.4185740853622515,0.9506964829451618,-0.587497411769623,1.1175764007531237
207,17.173980236053467,8.848474267960281,-0.810581906923219,1.0565377371017477,-0.84845663301098,9.683333333333337,-1.4310328029606614,0.8348590653730561,-0.6204508960374424,1.0401677621562966
208,17.23532509803772,9.004983725473341,-1.111165212863905,1.0991893581373628,-0.9550098490412444,9.766666666666671,-1.493084569987641,0.7616829411933299,-0.38191935712373604,0.8520700078342914
209,17.235411882400513,9.039538517765228,-1.1498806004644206,1.086552391789922,-0.9483592801203792,9.783333333333337,-1.505445814570131,0.7437948155681084,-0.3555652141057104,0.8244133363477547
210,17.288707733154297,9.07129996756623,-1.2165212400795005,1.0731603611260958,-0.956272235445128,9.862500000000004,-1.5639331338841764,0.7912000324337747,-0.34741189380467596,0.8641137166369699
211,17.399898052215576,9.145696084312531,-1.2500056653853102,1.0813514628642835,-0.950612515818625,9.875000000000004,-1.5731272543093406,0.7293039156874723,-0.3231215889240304,0.7976789847212159
212,17.399951219558716,9.22033219135078,-1.2590006656264896,1.089475590165349,-0.9353917747978976,9.887500000000005,-1.5823213747345046,0.667167808649225,-0.323320709108015,0.7413832786325293
213,17.47216296195984,9.327095071914458,-1.445807366113316,1.0886178802742974,-0.972008823358268,10.016666666666675,-1.6766833669232546,0.6895715947522163,-0.23087600080993864,0.7271950990202737
214,17.539978742599487,9.301526298126616,-1.4386156957699656,1.0501603202718754,-0.9452282052602752,10.033333333333342,-1.688779387657935,0.7318070352067263,-0.2501636918879693,0.7733843866519918
215,17.639314889907837,9.405452676445565,-1.5305338701503748,1.0706289239702722,-0.963005154314846,10.166666666666677,-1.7848599912964478,0.7612139902211119,-0.254326121146073,0.8025761738337079
216,17.63931703567505,9.35027435615569,-1.6172896587093788,1.026839378575382,-0.9785559065606017,10.183333333333342,-1.7967823199300519,0.833058977177652,-0.1794926612206731,0.8521765514776589
217,17.707565784454346,9.388446174022723,-1.594181259065052,0.998665802856782,-0.9260331709460106,10.275000000000011,-1.8619916102086378,0.8865538259772876,-0.26781035114358587,0.9261209805066601
218,17.778281450271606,9.391348772757455,-1.762178770821254,0.9798509988946436,-0.9747180520859016,10.325000000000012,-1.8972993157726528,0.9336512272425566,-0.1351205449513988,0.9433780662064891
219,17.84928607940674,9.440341322702189,-1.810914673425549,0.9798509988946436,-0.9747180520859016,10.425000000000013,-1.9673420300807267,0.9846586772978245,-0.1564273566551777,0.9970066342246813
220,17.936312675476074,9.551343174695496,-1.7511534643857962,1.0050081028409183,-0.930587198148562,10.475000000000014,-2.0020700346117226,0.9236568253045174,-0.2509165702259264,0.9571316817165557
221,17.956442832946777,9.656599157097494,-1.730365529801959,1.023779649434506,-0.8957961781202981,10.525000000000016,-2.036597833807644,0.8684008429025223,-0.3062323040056849,0.9208139051786964
222,17.969594478607178,9.70778813956922,-1.7751553387079737,1.023779649434506,-0.8957961781202981,10.575000000000017,-2.0709219749173444,0.8672118604307979,-0.2957666362093707,0.9162610512110901
223,18.087625741958618,9.819899139350849,-1.883837197663962,1.0482931721910502,-0.9215047690701856,10.616666666666683,-2.09937025057649,0.7967675273158346,-0.2155330529125281,0.8254047428278952
224,18.087695360183716,9.903322705808876,-1.9763780106512667,1.060892572283286,-0.9403844525123642,10.633333333333349,-2.110707800534141,0.7300106275244733,-0.13432978988287414,0.7422668042884932
225,18.137502431869507,9.975475118664493,-2.0278101891128606,1.0687242597092044,-0.942193186078487,10.716666666666683,-2.167040752372404,0.74119154800219,-0.13923056325954342,0.7541551966110506
226,18.21764850616455,9.979286587288112,-2.012429186042108,1.0482263101644118,-0.916380852718402,10.73333333333335,-2.17823570714675,0.7540467460452387,-0.165806521104642,0.772061071199835
227,18.307554006576538,10.235095096398464,-2.011353270028824,1.1110844654490486,-0.8779118292605981,10.87500000000002,-2.2723992568437072,0.6399049036015558,-0.26104598681488334,0.691102953897227
228,18.394731283187866,10.294482883825632,-2.072428736128437,1.0830805058471498,-0.8633381793770849,10.97500000000002,-2.337775960821149,0.6805171161743875,-0.2653472246927122,0.7304195335958845
229,18.43720531463623,10.331076130906418,-2.0913793215158805,1.0773480316097008,-0.8544644993456822,11.02500000000002,-2.370115277979025,0.6939238690936023,-0.2787359564631444,0.7478128572866736
230,18.500701904296875,10.384943532486902,-2.1341025464831644,1.0773480316097008,-0.8544644993456822,11.075000000000024,-2.4022175855841934,0.6900564675131218,-0.26811503910102896,0.7403131786945538
231,18.542780876159668,10.400386518135706,-2.213491481205369,1.062010862128176,-0.869099678333737,11.125000000000025,-2.4340796734326444,0.7246134818643188,-0.22058819222727521,0.7574456077169032
232,18.603588819503784,10.453487061242114,-2.256946465122056,1.062010862128176,-0.869099678333737,11.166666666666691,-2.460448991105949,0.7131796054245765,-0.20350252598389273,0.7416457561905007
233,18.619436502456665,10.452281186602574,-2.238246416730282,1.0400487421046862,-0.8431941100381304,11.183333333333357,-2.4709477195783416,0.7310521467307822,-0.23270130284805957,0.7671943284376322
234,18.787468671798706,10.404843214993308,-2.2688268526843283,1.001171020771093,-0.8386670206933876,11.225000000000025,-2.497070469470853,0.8201567850067164,-0.22824361678652494,0.8513238517722543
235,18.8905770778656,10.504634705433984,-2.216312285228821,0.9794597550852868,-0.7710187314509666,11.42500000000003,-2.620030880891484,0.9203652945660448,-0.4037185956626632,1.005017900301022
236,18.91479802131653,10.58042913209962,-2.238087194449761,0.9709849050952936,-0.7498514657674467,11.475000000000028,-2.650123602396041,0.8945708679004074,-0.41203640794627994,0.9849015378043439
237,18.968711376190186,10.628978377354384,-2.275579767738133,0.9709849050952936,-0.7498514657674467,11.525000000000029,-2.679951313748787,0.8960216226456446,-0.40437154601065384,0.98304175672836
238,19.075493574142456,10.67752762260915,-2.3130723410265053,0.9709849050952936,-0.7498514657674467,11.566666666666697,-2.7046068689283835,0.8891390440575471,-0.39153452790187826,0.9715284484804937
239,19.07549548149109,10.720510916822867,-2.3868157590770607,0.9687685075578112,-0.7642867855304186,11.583333333333362,-2.7144151954785056,0.862822416510495,-0.32759943640144495,0.9229214014007663
240,19.185575485229492,10.804017436283884,-2.4646258136909944,0.9845765998322636,-0.778037117792205,11.675000000000031,-2.7678146937242993,0.8709825637161472,-0.3031888800333049,0.9222440692535802
241,19.18631625175476,10.965412286588748,-2.553117038216978,1.0279696189060137,-0.7972214698186373,11.775000000000032,-2.8250112662713667,0.8095877134112843,-0.2718942280543888,0.8540250212703394
242,19.2364399433136,10.986308124475892,-2.5868418020889226,1.016054714048915,-0.7948245121142007,11.816666666666698,-2.8485148933477302,0.8303585421908064,-0.26167309125880767,0.8706136429428277
243,19.302246570587158,10.961523221370255,-2.6078043196502123,0.9862662306917184,-0.7874239736019293,11.833333333333366,-2.8578595612469604,0.8718101119631108,-0.2500552415967481,0.906962234699516
244,19.315833568572998,11.010836532904843,-2.6471755183303087,0.9862662306917184,-0.7874239736019293,11.875000000000032,-2.881077871978242,0.8641634670951888,-0.23390235364793321,0.895259073622837
245,19.384004831314087,10.960601252727304,-2.623622659288154,0.9503950339324596,-0.7614869665224565,11.975000000000037,-2.9359920849501853,1.0143987472727325,-0.3123694256620313,1.0614044830115033
246,19.51157808303833,10.999710196976531,-2.7435988077284903,0.9471472808663524,-0.7931125653849084,12.016666666666703,-2.9585317286321313,1.0169564696901716,-0.21493292090364102,1.0394212917450112
247,19.51159167289734,11.199102727396363,-2.7575867555759803,1.009323836096585,-0.7832933679379797,12.033333333333369,-2.96748859509926,0.8342306059370053,-0.20990183952327968,0.8602322280159467
248,19.549723148345947,11.249568919201195,-2.7967514239728795,1.009323836096585,-0.7832933679379797,12.125000000000036,-3.0161547479000896,0.8754310807988404,-0.21940332392721018,0.9025061749256533
249,19.585813999176025,11.260393084131858,-2.7593178218135885,0.994666524758308,-0.7519337768714911,12.175000000000038,-3.0422759426046557,0.9146069158681804,-0.2829581207910672,0.9573772029223994
250,19.636412382125854,11.247626820583749,-2.79012673498043,0.971429759449708,-0.7494101451019438,12.22500000000004,-3.0680929122501834,0.9773731794162916,-0.27796617726975326,1.0161316487287808
251,19.706543922424316,11.304342179275377,-2.666222389436407,0.9745022073359,-0.688528060591209,12.275000000000041,-3.093603075161221,0.9706578207246643,-0.42738068572481414,1.0605804332838538
252,19.787582874298096,11.398554597205846,-2.7174281142173298,0.9918800438833107,-0.6949383830831131,12.32500000000004,-3.1188038803427363,0.9264454027941937,-0.4013757661254065,1.0096551837093952
253,19.87939977645874,11.612686826788178,-2.9593440275660785,1.0365507175022712,-0.7628380803453819,12.42500000000004,-3.1682673684666516,0.8123131732118622,-0.20892334090057307,0.8387500543943839
254,20.15532946586609,11.907577838187374,-2.9915941940758217,1.0503504371857848,-0.7020165172995985,12.725000000000044,-3.30897764782491,0.8174221618126705,-0.3173834537490885,0.8768758448812463
255,20.329930067062378,11.917195588081434,-2.9211757480798317,1.029419009526816,-0.6605236842475586,12.862500000000047,-3.369529423754401,0.9453044119186131,-0.4483536756745692,1.0462415828496263
256,20.329932689666748,12.014250313275948,-2.9574735320032177,1.0471261606026414,-0.6617945467573138,12.875000000000048,-3.3748970041239748,0.8607496867241,-0.41742347212075703,0.9566255162146705
257,20.329936027526855,11.977251182211893,-2.993707412297716,1.0120968984674557,-0.6630271226276521,12.887500000000049,-3.380264584493549,0.9102488177881565,-0.38655717219583297,0.9889283885402296
258,20.422647953033447,11.956702201799924,-2.920695571374704,0.9837524719312676,-0.6207365651548328,12.975000000000048,-3.417159469711047,1.0182977982001233,-0.49646389833634297,1.1328754601325504
259,20.435404300689697,12.05507744899305,-2.982769227890187,0.9837524719312676,-0.6207365651548328,13.02500000000005,-3.4377791809180422,0.9699225510070004,-0.4550099530278553,1.0713467283313738
260,20.601256370544434,12.079784743401891,-3.1865557547476127,0.9373908561465758,-0.6692490565644769,13.125000000000052,-3.4779852505954585,1.0452152565981603,-0.29142949584784583,1.0850834454896487
261,20.68608784675598,11.98763125661024,-3.2079802572183467,0.8664732063789293,-0.656001842191578,13.225000000000051,-3.5168001725451554,1.237368743389812,-0.30881991532680875,1.275323938150829
262,20.826447010040283,12.051252405737904,-3.370669326217921,0.8427139491519853,-0.6790230604790441,13.375000000000057,-3.5723803452401572,1.3237475942621533,-0.2017110190222362,1.3390276429222165
263,21.011312246322632,12.074813142281991,-3.200464691427558,0.8109871344604118,-0.5787776200005085,13.575000000000058,-3.6414780555026756,1.5001868577180666,-0.4410133640751175,1.5636666509722776
264,21.059831857681274,12.159261713522042,-3.304839130561767,0.8280694603588508,-0.6081315572532786,13.616666666666726,-3.6551487148435995,1.4574049531446835,-0.35030958428183245,1.4989149416462455
265,21.086514949798584,12.200665186539984,-3.335245708424431,0.8280694603588508,-0.6081315572532786,13.633333333333393,-3.6605439841193474,1.432668146793409,-0.3252982756949163,1.4691347749633274
266,21.182146072387695,12.32762891014817,-3.3982339705658107,0.8458733149638268,-0.6088465550198519,13.775000000000059,-3.7047501776836107,1.4473710898518881,-0.30651620711780003,1.4794712761540605
267,21.2397198677063,12.401599647407185,-3.331496441918512,0.8576385347665735,-0.5727528659130574,13.82500000000006,-3.719645890995828,1.423400352592875,-0.3881494490773161,1.4753740402286277
268,21.29585289955139,12.4170698496769,-3.4300089342030757,0.8473472074034186,-0.5989863466347558,13.875000000000064,-3.7341696428186397,1.4579301503231648,-0.304160708615564,1.4893199991562753
269,21.370145082473755,12.37435590698446,-3.48125533482936,0.8149303559542092,-0.6068985637880175,13.925000000000065,-3.7483199807889678,1.5506440930156042,-0.267064645959608,1.5734740634423297
270,21.56805157661438,12.436885617141147,-3.500363784737574,0.7928606877633839,-0.5803134941564942,14.06666666666673,-3.7863777734300155,1.6297810495255831,-0.2860139886924413,1.6546873635585881
271,21.568055391311646,12.446051924142305,-3.494098607469567,0.7808620057714513,-0.5664234291935865,14.083333333333398,-3.7906553244012304,1.6372814091910932,-0.29655671693166363,1.6639219630860274
272,21.623193740844727,12.432032291362905,-3.4723917293748663,0.7518585038822443,-0.5362508837299526,14.175000000000068,-3.8134222518397536,1.7429677086371633,-0.3410305224648873,1.7760175254215702
273,21.71688461303711,12.459585956051226,-3.446791693975915,0.7481189803438832,-0.5167277251314704,14.275000000000068,-3.836802636708101,1.8154140439488415,-0.39001094273218584,1.8568351263420062
274,21.77200984954834,12.49699190506842,-3.4726280802324885,0.7481189803438832,-0.5167277251314704,14.316666666666734,-3.8460973667242127,1.8196747615983142,-0.3734692864917242,1.8576047873405472
275,21.772063732147217,12.534397854085611,-3.498464466489062,0.7481189803438832,-0.5167277251314704,14.333333333333401,-3.8497384102446004,1.79893547924779,-0.35127394375553855,1.8329108658246438
276,21.898253202438354,12.59356362829864,-3.517724518026981,0.7645050409096739,-0.5199782343723911,14.475000000000072,-3.8789506587560885,1.881436371701433,-0.3612261407291073,1.915799348968231
277,22.02962636947632,12.66997380772136,-3.521451725733621,0.7782731660334636,-0.5119478509562443,14.510000000000073,-3.8857077853293824,1.840026192278712,-0.36425605959576135,1.8757342203051919
278,22.02962875366211,12.708887466023034,-3.547049118281434,0.7782731660334636,-0.5119478509562443,14.520000000000072,-3.887582910060389,1.8111125339770382,-0.34053379177895504,1.8428488473209301
279,22.02963089942932,12.747801124324708,-3.5726465108292462,0.7782731660334636,-0.5119478509562443,14.530000000000072,-3.889458034791395,1.7821988756753644,-0.31681152396214873,1.8101387720762605
280,22.029632568359375,12.78671478262638,-3.5982439033770586,0.7782731660334636,-0.5119478509562443,14.540000000000072,-3.8913331595224014,1.7532852173736924,-0.29308925614534287,1.7776136716196087
281,22.140258073806763,12.825628440928057,-3.623841295924871,0.7782731660334636,-0.5119478509562443,14.675000000000072,-3.914893187215407,1.849371559072015,-0.291051891290536,1.8721341743924909
282,22.192219495773315,12.943150110532256,-3.713063841756864,0.811092869188846,-0.5381014457635694,14.716666666666741,-3.921600066826442,1.773516556134485,-0.2085362250695777,1.7857346757145625
283,22.20481562614441,12.939385784846433,-3.763558788375476,0.7940851906334432,-0.5471542059588547,14.733333333333409,-3.924204439410135,1.793947548486976,-0.16064565103465878,1.8011259900181278
284,22.322799682617188,13.02090093150947,-3.837599848680655,0.8100761702934448,-0.5652018839437362,14.862500000000075,-3.942914497169699,1.8415990684906056,-0.10531464848904415,1.8446078998670252
285,22.3228018283844,13.06140474002414,-3.8658599428778415,0.8100761702934448,-0.5652018839437362,14.875000000000076,-3.9445727217078526,1.813595259975937,-0.07871277883001104,1.8153025831960712
286,22.393637895584106,13.02373988007695,-3.86661713792736,0.7792868661739982,-0.5543689614610265,14.887500000000077,-3.9462309462460063,1.8637601199231266,-0.0796138083186464,1.8654597672131301
287,22.393691778182983,13.062704223385651,-3.894335586000412,0.7792868661739982,-0.5543689614610265,14.925000000000075,-3.951008227046877,1.862295776614424,-0.05667264104646508,1.8631578966472762
288,22.496992826461792,13.049276155368512,-3.736899604694064,0.7433960765293699,-0.4712326031082031,15.02500000000008,-3.9626933410985514,1.9757238446315686,-0.22579373640448752,1.988584300864624
289,22.655853271484375,13.13153012733862,-3.8290968671110255,0.7616253837732785,-0.4989846961353935,15.175000000000079,-3.977247803956037,2.0434698726614595,-0.14815093684501157,2.048833282764387
290,22.734410524368286,13.207692665715948,-3.878995336724565,0.7616253837732785,-0.4989846961353935,15.262500000000081,-3.9840981393332364,2.054807334284133,-0.10510280260867155,2.0574935674611625
291,22.75737237930298,13.239404522883218,-3.830771229595564,0.758939512574271,-0.467615316733693,15.275000000000082,-3.984962980510222,2.035595477116864,-0.15419175091465798,2.0414269623253145
292,22.757638216018677,13.277351498511932,-3.854151995432249,0.758939512574271,-0.467615316733693,15.287500000000083,-3.9858278216872067,2.0101485014881515,-0.13167582625495777,2.014456631763262
293,23.056642770767212,13.562294514876664,-3.770656221701352,0.84444704910951,-0.4253750696692449,15.575000000000088,-3.9985357626785145,2.0127054851234245,-0.22787954097716234,2.0255647249697755
294,23.32851004600525,13.714665634429217,-3.954970049384589,0.8426603759251222,-0.4647416898386065,15.916666666666758,-3.9964715336568775,2.2020010322375416,-0.04150148427228828,2.2023920902446052
295,23.32851266860962,13.767903309257465,-3.971262974685569,0.8518912216990823,-0.4697714804243468,15.933333333333426,-3.9958929531828744,2.1654300240759614,-0.024629978497305416,2.165570092379925
296,23.41804599761963,13.846227096427036,-4.018282497718676,0.8641550020813591,-0.4800015996161657,15.96666666666676,-3.9946026161989168,2.120439570239723,0.023679881519759416,2.1205717879447543
297,23.418051719665527,13.844460467582651,-4.090709387615942,0.8479953799690848,-0.4974017053352431,15.983333333333425,-3.993890859688962,2.1388728657507734,0.0968185279269802,2.1410630451238175
298,23.526856184005737,13.91127726907836,-4.0604093844310905,0.8566379108539247,-0.4755150721573686,16.075000000000095,-3.9891776964470034,2.1637227309217355,0.07123168798408708,2.16489491885414
299,23.526887893676758,13.954109164621055,-4.084185138038959,0.8566379108539247,-0.4755150721573686,16.11666666666676,-3.9866000694931336,2.162557502045704,0.09758506854582505,2.1647581378198466
300,23.57873821258545,13.996941060163753,-4.107960891646827,0.8566379108539247,-0.4755150721573686,16.13333333333343,-3.985489265158725,2.136392273169676,0.12247162648810184,2.1398998210555877
301,23.62397861480713,13.960932646773191,-4.118447076899651,0.8281189981133039,-0.4707078352831589,16.225000000000094,-3.9785831588087452,2.2640673532269027,0.1398639180909056,2.26838332200085
302,23.682432889938354,14.002338596678856,-4.141982468663809,0.8281189981133039,-0.4707078352831589,16.26666666666676,-3.975009851812238,2.264328069987906,0.1669726168515706,2.2704760433251474
303,23.728381395339966,13.946960896361484,-4.102335740279626,0.7916870904350226,-0.4474362620072991,16.28333333333343,-3.9735009993023,2.3363724369719474,0.12883474097732606,2.339921912099831
304,23.799685955047607,13.937968855153176,-4.175181374040334,0.7742938949767084,-0.4693335325202002,16.3750000000001,-3.9644081648738654,2.437031144846923,0.2107732091664687,2.4461288082715997
305,23.888449907302856,14.042305074299032,-4.244716569560111,0.7701727805308943,-0.4690316929127304,16.425000000000097,-3.9588896221598007,2.382694925701065,0.2858269474003099,2.399777521526065
306,23.9929358959198,14.112045525395098,-4.288947322201906,0.7872284242754607,-0.4811067359959878,16.566666666666766,-3.9411113444545474,2.4546211412716676,0.34783597774735897,2.479143968105379
307,24.041678428649902,14.035035627102884,-4.347862922767578,0.7450844280582702,-0.4937314173222452,16.583333333333435,-3.938810826184296,2.548297706230551,0.40905209658328223,2.580919374428242
308,24.07598853111267,14.17758034567089,-4.385590998115709,0.7836086470737047,-0.4981715816597652,16.616666666666767,-3.934078573727,2.4390863209958766,0.45151242438870876,2.4805252570063803
309,24.13458275794983,14.044502852570528,-4.327651764541185,0.7193134114834148,-0.4672486524597622,16.633333333333436,-3.931646839539956,2.5888304807629083,0.3960049250012294,2.6189431377470456
310,24.158894062042236,14.089011794949196,-4.259260413199405,0.7225490868532783,-0.4324978607653765,16.675000000000104,-3.9253710449542454,2.585988205050908,0.33388936824515936,2.6074541428162394
311,24.282594203948975,14.036757680669202,-4.376330510120183,0.675874122457023,-0.4601022883641206,16.76666666666677,-3.910622843781687,2.7299089859975663,0.46570766633849603,2.7693477033981684
312,24.300073385238647,14.023292758247797,-4.482176918606697,0.6577348459933877,-0.4918992571293717,16.783333333333438,-3.907798973235654,2.7600405750856414,0.5743779453710434,2.8191725736903264
313,24.386869192123413,14.160288110683496,-4.510594738983688,0.7044074127222301,-0.4922647645832754,16.825000000000102,-3.9005440497425057,2.6647118893166066,0.6100506892411821,2.733651641396343
314,24.394714832305908,14.195508481319608,-4.535207977212852,0.7044074127222301,-0.4922647645832754,16.875000000000107,-3.8914871398218094,2.679491518680498,0.6437208373910424,2.755730631823827
315,24.513061046600342,14.134840298160489,-4.447357366547291,0.6671613434137781,-0.4485803398544026,16.96666666666677,-3.8738781807804896,2.8318263685062828,0.5734791857668018,2.8893111562923153
316,24.513119220733643,14.168198365331175,-4.469786383540011,0.6671613434137781,-0.4485803398544026,16.98333333333344,-3.8705354755491554,2.8151349680022655,0.5992509079908559,2.878208911597103
317,24.54431676864624,14.201556432501866,-4.492215400532731,0.6671613434137781,-0.4485803398544026,17.016666666666772,-3.863721159735028,2.815110234164907,0.6284942407977034,2.884415129834102
318,24.638856172561646,14.16383432200304,-4.49551776410174,0.6397244269272668,-0.4411974602688626,17.03333333333344,-3.860249549152234,2.869499011330401,0.6352682149495057,2.9389777612209453
319,24.700526475906372,14.21442382941667,-4.562816840560571,0.646983865729009,-0.4588508591180684,17.125000000000107,-3.840384881807911,2.910576170583436,0.7224319587526602,2.9988933925358774
320,24.850233554840088,14.24677302270312,-4.585759383516475,0.646983865729009,-0.4588508591180684,17.32500000000011,-3.7925848826133173,3.078226977296989,0.7931745009031577,3.1787744670929285
321,24.913105487823486,14.27912221598957,-4.608701926472379,0.646983865729009,-0.4588508591180684,17.375000000000114,-3.7796836616232756,3.0958777840105434,0.8290182648491031,3.20495406160267
322,24.988104343414307,14.295375920406013,-4.6791658528623605,0.6571641673489985,-0.4898910820970402,17.462500000000112,-3.7562096032705785,3.1671240795940996,0.922956249591782,3.298866953092425
323,25.005537033081055,14.411244724158587,-4.697149496525444,0.6953110084573889,-0.4869238413985602,17.475000000000115,-3.752748651901437,3.063755275841528,0.9444008446240075,3.2060083196357017
324,25.04063105583191,14.44601027458146,-4.721495688595373,0.6953110084573889,-0.4869238413985602,17.487500000000114,-3.749287700532295,3.0414897254186553,0.9722079880630776,3.1930938166425524
325,25.12270760536194,14.550894993368104,-4.741445167992283,0.7207932674842517,-0.4853260162415462,17.575000000000117,-3.7243125927548197,3.0241050066320128,1.0171325752374631,3.1905751467009833
326,25.149720430374146,14.565055907145313,-4.744241434891931,0.7125872787827483,-0.4772733231511507,17.625000000000114,-3.7095352007057807,3.059944092854801,1.0347062341861504,3.230150900880743
327,25.20222020149231,14.652766135095389,-4.803216441261512,0.7322063419426601,-0.4905706156066738,17.66666666666678,-3.696942432163661,3.0139005315713927,1.106274009097851,3.210519988632956
328,25.285046577453613,14.68937645219252,-4.827744972041845,0.7322063419426601,-0.4905706156066738,17.68333333333345,-3.6918312842922187,2.9939568811409316,1.1359136877496265,3.202198887038107
329,25.386005878448486,14.855291208164768,-4.839990866864992,0.7615051277169774,-0.463330310979387,17.825000000000117,-3.646731460998939,2.969708791835348,1.1932594058660526,3.200474701976563
330,25.52049422264099,15.053697631983429,-4.914513637479799,0.8096440736120469,-0.4738691403127769,17.916666666666785,-3.615995317901489,2.8629690346833563,1.29851831957831,3.1436827956771065
331,25.573340892791748,15.116246798999915,-4.866068839160886,0.8185838105974499,-0.4446445923103765,17.933333333333454,-3.6102750778845007,2.817086534333539,1.2557937612763852,3.0843142694582926
332,25.61214804649353,15.157175989529788,-4.888301068776404,0.8185838105974499,-0.4446445923103765,18.07500000000012,-3.5600353997715923,2.9178240104703317,1.328265669004812,3.20592991868724
333,25.648284435272217,15.316812019228797,-4.895226279037459,0.8669301002231001,-0.4418935026218245,18.12500000000012,-3.5416210700875066,2.808187980771324,1.3536052089499524,3.1173974396994955
334,25.74778652191162,15.390119837783653,-4.914335322410795,0.8787011642450431,-0.4407205212531932,18.175000000000125,-3.522852581247753,2.7848801622164725,1.3914827411630424,3.113162658272365
335,25.831435441970825,15.477989954208155,-4.958407374536114,0.8787011642450431,-0.4407205212531932,18.275000000000126,-3.4842606686621562,2.7970100457919713,1.4741467058739581,3.16170424086445
336,25.847724199295044,15.42460320258358,-4.932668523006432,0.840195016986096,-0.4218180113745421,18.316666666666794,-3.467773318246478,2.892063464083215,1.4648952047599546,3.2419051561101715
337,25.89341950416565,15.475485750572023,-4.912075798343039,0.8437407575355718,-0.4051604322687679,18.33333333333346,-3.4611088899043456,2.857847582761437,1.4509669084386938,3.2050893553346573
338,26.08958339691162,15.653869891258468,-4.937020486822525,0.861323812434733,-0.3908910554429918,18.566666666666794,-3.3638041451883005,2.912796775408326,1.5732163416342244,3.3104976532863026
339,26.089659690856934,15.677599187327846,-4.932336012697536,0.8507741958517094,-0.3796064416089574,18.583333333333464,-3.356570874541882,2.905734146005617,1.5757651381556537,3.305499462696931
340,26.191606283187866,15.762676606913018,-4.970296656858431,0.8507741958517094,-0.3796064416089574,18.625000000000128,-3.3383202324411942,2.8623233930871095,1.6319764244172368,3.294881220388282
341,26.29494857788086,15.786615280075557,-5.05342743822384,0.8438544887208584,-0.4034721145315759,18.72500000000013,-3.293586409961606,2.9383847199245725,1.7598410282622345,3.425075941791844
342,26.336122751235962,15.902246812316465,-5.0620074208428125,0.871175673735489,-0.3991589791283645,18.77500000000013,-3.2707243382508855,2.8727531876836654,1.791283082591927,3.3854698284472566
343,26.52100682258606,16.190896567549164,-5.076806616272146,0.9266069276503682,-0.3736116954921926,18.875000000000135,-3.224021304599569,2.6841034324509714,1.8527853116725765,3.2614758388258425
344,26.654653787612915,16.40269315056417,-5.261602238192457,0.9360276836212724,-0.4127794311425576,19.125000000000135,-3.1016640025342825,2.7223068494359666,2.159938235658174,3.475095360467699
345,26.708749055862427,16.331337281010182,-5.107781877205943,0.944472255124309,-0.3700601063933785,19.175000000000136,-3.076252104162691,2.843662718989954,2.0315297730432516,3.4947862421233293
346,26.811239004135132,16.440985338249707,-4.892317834186239,0.9304620552239972,-0.2682735180785159,19.27500000000014,-3.0245080114095333,2.834014661750434,1.8678098227767053,3.394164497645565
347,26.95391035079956,16.511304898653325,-4.850091955575096,0.9177831889987508,-0.247645340694698,19.42500000000014,-2.944630167222681,2.913695101346814,1.9054617883524152,3.4814370266433956
348,27.19882822036743,16.58422105302718,-4.91379288299899,0.9106148192781004,-0.262442712585297,19.61666666666681,-2.83872160265629,3.0324456136396307,2.0750712803427005,3.674458765340187
349,27.19884943962097,16.67291387249968,-4.906549416975944,0.890734881141648,-0.2469550271529665,19.63333333333348,-2.829312339719419,2.9604194608337977,2.0772370772565245,3.616489632117408
350,27.254659175872803,16.626008554343862,-4.841954198148462,0.8507981777291883,-0.2145183129755292,19.725000000000144,-2.7769988431280583,3.0989914456562815,2.064955355020404,3.7239479854689503
351,27.305449962615967,16.668548463230323,-4.852680113797239,0.8507981777291883,-0.2145183129755292,19.775000000000144,-2.748071800287603,3.1064515367698213,2.104608313509636,3.7522549624983452
352,27.4032781124115,16.711088372116784,-4.863406029446015,0.8507981777291883,-0.2145183129755292,19.816666666666812,-2.723759706482533,3.1055782945500283,2.1396463229634817,3.771299899365126
353,27.403584480285645,16.8625345392395,-4.886013142673984,0.8912558132767759,-0.2189320644835929,19.833333333333478,-2.713980198631807,2.9707987940939766,2.172032944042177,3.680132142327875
354,27.43722414970398,16.98916865764138,-4.871337690717044,0.9164198952118776,-0.2092432064036141,19.87500000000015,-2.6893962200971986,2.8858313423587703,2.1819414706198454,3.6178572550269195
355,27.516159296035767,16.90243439569339,-4.951585747637127,0.8681745780137354,-0.2346427477044987,19.966666666666814,-2.634668395217739,3.0642322709734238,2.316917352419388,3.8415654918817945
356,27.516217708587646,16.945843124594077,-4.963317885022352,0.8681745780137354,-0.2346427477044987,19.983333333333483,-2.6246214393360474,3.0374902087394062,2.338696445686305,3.833516379677217
357,27.57657217979431,17.031846072087703,-4.990468526557434,0.8836773323959412,-0.2402545253276682,20.025000000000148,-2.5993733219970494,2.993153927912445,2.3910952045603846,3.8309668118438935
358,27.68025779724121,16.961595698333138,-4.952143650497229,0.8420274094711423,-0.2219334594450887,20.166666666666817,-2.5122058874300293,3.205070968333679,2.4399377630671997,4.028123160939442
359,27.680310249328613,17.003697068806694,-4.963240323469483,0.8420274094711423,-0.2219334594450887,20.183333333333486,-2.5018164392890503,3.179636264526792,2.461423884180433,4.021031498547081
360,27.798484086990356,17.094157193745396,-4.956165943701982,0.8601355044698518,-0.2156476998956971,20.225000000000154,-2.475718248625136,3.1308428062547584,2.4804476950768457,3.9943456842753617
361,27.81687068939209,16.990289468856208,-4.916502866256216,0.8070971869798714,-0.1974311786425307,20.266666666666822,-2.4494550114533737,3.276377197810614,2.467047854802842,4.101337911001804
362,27.825337409973145,17.058716654624856,-4.958114693837408,0.8173817967514887,-0.2090595799450111,20.28333333333349,-2.438900516804548,3.224616678708635,2.51921417703286,4.092015737307135
363,27.898241758346558,17.09958574446243,-4.968567672834658,0.8173817967514887,-0.2090595799450111,20.366666666666823,-2.3857243861311024,3.267080922204393,2.582843286703556,4.164720542353536
364,27.92195439338684,17.25381068872627,-4.988134874742672,0.8579128083092687,-0.208807287911313,20.38333333333349,-2.3750090666315637,3.1295226446072206,2.613125808111108,4.077050217022805
365,27.995733499526978,17.29670632914173,-4.998575239138237,0.8579128083092687,-0.208807287911313,20.425000000000157,-2.34810255418048,3.128293670858426,2.650472684957757,4.100149600299978
366,28.035869359970093,17.2419790861584,-5.073808786097688,0.8218498115065686,-0.2327426220695233,20.475000000000158,-2.3156035736809537,3.2330209138417594,2.758205212416734,4.249720017029481
367,28.07894730567932,17.283071576733725,-5.085445917201164,0.8218498115065686,-0.2327426220695233,20.525000000000162,-2.282873034753722,3.2419284232664367,2.802572882447442,4.285383840802661
368,28.26793074607849,17.46567676997589,-4.8640887408316935,0.840721809559877,-0.1368150526569372,20.716666666666825,-2.1553231196112943,3.2509898966909354,2.708765621220399,4.231589122196539
369,28.276258945465088,17.507712860453882,-4.870929493464541,0.840721809559877,-0.1368150526569372,20.733333333333494,-2.1440790718799017,3.225620472879612,2.726850421584639,4.223782742608385
370,28.344724893569946,17.505208083345995,-4.754690101124764,0.8242625538469404,-0.0913330562547869,20.82500000000016,-2.0818119431642312,3.3197919166541645,2.6728781579605325,4.262076491240487
371,28.53180193901062,17.619180810746254,-4.684197930382699,0.8516109514116184,-0.0601634800381468,20.96666666666683,-1.984219551030528,3.3474858559205742,2.6999783793521708,4.300644696386517
372,28.546201467514038,17.661761358316834,-4.687206104384607,0.8516109514116184,-0.0601634800381468,20.983333333333498,-1.9726314181966056,3.3215719750166635,2.714574686188002,4.289726810894697
373,28.636806964874268,17.704341905887414,-4.690214278386514,0.8516109514116184,-0.0601634800381468,21.125000000000167,-1.8732585766664624,3.4206580941127527,2.8169557017200515,4.431268579342962
374,28.800408601760864,17.721888122472883,-4.716573958134372,0.8273535533097246,-0.0676729792595277,21.266666666666833,-1.7723872281793636,3.5447785441939494,2.9441867299550086,4.608002867644609
375,28.80044412612915,17.804623477803858,-4.7233412560603245,0.8273535533097246,-0.0676729792595277,21.283333333333502,-1.7604244967036768,3.478709855529644,2.9629167593566477,4.5694964691785875
376,28.860281944274902,17.798499703872434,-4.791096009082871,0.8027694727757319,-0.0941740352741907,21.325000000000166,-1.73043024565472,3.5265002961277325,3.060665763428151,4.669462415954348
377,28.936837673187256,17.803869246111237,-4.733440247250326,0.7897653358528014,-0.0708487275619406,21.416666666666835,-1.6640304842758995,3.612797420555598,3.069409762974426,4.740630917400753
378,28.970904111862183,17.736898683779774,-4.655620931269732,0.7648437112640923,-0.0407296422585998,21.433333333333504,-1.6518965200624993,3.69643464955373,3.0037244112072328,4.76298115227256
379,29.01386547088623,17.815658365825552,-4.615516841734106,0.7796749251903563,-0.0253043103069174,21.475000000000172,-1.621479622084437,3.65934163417462,2.9940372196496687,4.72811168102566
380,29.049010038375854,17.857067410315764,-4.661348147760395,0.7805790270205754,-0.0419176420146266,21.516666666666836,-1.5909546263657215,3.659599256351072,3.070393521394674,4.777026595415573
381,29.10921025276184,17.808342439664123,-4.676154580300298,0.7472906470938423,-0.0467392342858435,21.533333333333506,-1.5787125644116682,3.724990893669382,3.09744201588863,4.8445540764565775
382,29.302179098129272,17.935873599241756,-4.704035925202579,0.7721474610599502,-0.0539775636931242,21.66666666666684,-1.4801568674031962,3.7307930674250827,3.2238790577993823,4.930741637042494
383,29.30218815803528,18.01308834534775,-4.709433681571891,0.7721474610599502,-0.0539775636931242,21.683333333333508,-1.4677618530552505,3.6702449879857575,3.2416718285166404,4.896849447923939
384,29.644673347473145,18.081223220097947,-4.600390983847383,0.760739044702714,-0.009700319200431,22.025000000000176,-1.2102690226039694,3.9437767799022296,3.3901219612434135,5.200605945637574
385,29.72081971168518,18.12465615556461,-4.560709007966337,0.7607856548245077,0.0052333919082156,22.066666666666844,-1.1784585538667267,3.9420105111022323,3.3822504540996103,5.194137561125764
386,29.72082257270813,18.162695438305835,-4.560447338370926,0.7607856548245077,0.0052333919082156,22.083333333333513,-1.1657105424390568,3.920637895027678,3.394736795931869,5.186100598482527
387,29.77599024772644,18.087205703990296,-4.616540202981642,0.7165555940491566,-0.014731037788974,22.125000000000178,-1.1337828662237328,4.037794296009881,3.482757336757909,5.332296076141213
388,29.948228120803833,18.23051682280013,-4.619486410539436,0.7165555940491566,-0.014731037788974,22.275000000000183,-1.0182129332345728,4.044483177200053,3.6012734773048636,5.41544225608525
389,30.10246515274048,18.378280401403707,-4.507077182203926,0.7624441227231542,0.0305381137901834,22.462500000000183,-0.8724769933838924,4.084219598596476,3.634600188820034,5.467281615403599
390,30.113447904586792,18.414048568493264,-4.350390595891352,0.747248982015671,0.0882132173442758,22.475000000000186,-0.8627123948302526,4.060951431506922,3.4876782010610996,5.3530576088077835
391,30.150699853897095,18.413022629623036,-4.334907825187464,0.7321804114347469,0.0925593458839691,22.487500000000185,-0.8529477962766128,4.074477370377149,3.4819600289108514,5.359609266042474
392,30.24488139152527,18.45415299884276,-4.396868111681576,0.7196979064626258,0.0648553467945164,22.625000000000185,-0.7451675725260776,4.170847001157426,3.651700539155499,5.543544131215378
393,30.328881978988647,18.486024904235297,-4.279821794342823,0.7215371210600624,0.1123987410361962,22.662500000000186,-0.7156747375003991,4.176475095764889,3.5641470568424234,5.490545370757157
394,30.43197536468506,18.47159553644537,-4.22365885666905,0.7041872065645775,0.1287639276851678,22.67500000000019,-0.7058317006296995,4.2034044635548184,3.5178271560393504,5.481214918610697
395,30.43202519416809,18.41610477356036,-4.302815335607084,0.6697786537258681,0.0962922087480852,22.68750000000019,-0.6959886637589998,4.271395226439829,3.6068266718480846,5.590529118179037
396,30.518573999404907,18.510473733077824,-4.0457900972794025,0.6949815786822195,0.1936048085368006,22.866666666666855,-0.5544256452298714,4.356192933589032,3.491364452049531,5.582655516121887
397,30.519862413406372,18.54641182718008,-3.9949439970103375,0.6954284345758541,0.2090757693620833,22.883333333333525,-0.5412180073252005,4.336921506153445,3.453725989685137,5.544106002085714
398,30.584463834762573,18.581183248908868,-3.984490208542234,0.6954284345758541,0.2090757693620833,22.92500000000019,-0.5081725122650558,4.343816751091321,3.476317696277178,5.563589551046287
399,30.6685791015625,18.56811592513968,-3.85774325642236,0.6639867004290602,0.249358625679907,22.975000000000193,-0.46847238142482306,4.406884074860514,3.389270874997537,5.559476981998017
400,30.716940879821777,18.460280970751885,-3.797796458569674,0.6092672080032246,0.267779815948423,23.075000000000195,-0.3889355538657536,4.61471902924831,3.4088609047039204,5.737243622727319
401,30.759384155273438,18.54691190945863,-3.772212921117232,0.6345184556961422,0.2718748418293453,23.116666666666863,-0.3557480098415586,4.5697547572082335,3.4164649112756735,5.705689356335935
402,30.802188873291016,18.4381718633252,-3.746950063322188,0.5790242045485234,0.276484989344163,23.133333333333532,-0.3424656116852261,4.695161470008333,3.4044844516369617,5.799573743896067
403,30.862270832061768,18.38172069816604,-3.644195766475992,0.5457709377322318,0.3112016355791642,23.175000000000196,-0.3092431572708778,4.793279301834158,3.3349526092051143,5.83930093170713
404,30.922757625579834,18.43752681140735,-3.6632928943577703,0.557162431741971,0.2973576282983836,23.225000000000193,-0.2693485797203363,4.787473188592845,3.3939443146374337,5.868454442385584
405,30.94718098640442,18.412430400315724,-3.718664192507092,0.5356841939242183,0.2688687770803489,23.275000000000198,-0.22942706753627912,4.862569599684473,3.489237124970813,5.984927637494893
406,31.03127694129944,18.43921461001193,-3.705220753653074,0.5356841939242183,0.2688687770803489,23.325000000000202,-0.18948261283665685,4.885785389988271,3.515738140816417,6.0192452643013405
407,31.27729296684265,18.560828193135794,-3.672451730564936,0.5751554559538977,0.2769127530300959,23.616666666666866,0.04377600208096627,5.055838473531072,3.716227732645902,6.274699294095575
408,31.277307748794556,18.87257217320856,-3.6447502441839568,0.6974200822749079,0.2692973684848055,23.633333333333535,0.057108219625177536,4.760761160124975,3.7018584638091343,6.030638681750865
409,31.36493754386902,18.913946896922194,-3.651904644667488,0.6958654556979462,0.2562195986878045,23.716666666666868,0.12375623439536043,4.802719769744673,3.7756608790628485,6.109151517222499
410,31.43858051300049,18.895256330246813,-3.622155389893373,0.6754988850885165,0.2626696698496062,23.733333333333533,0.13708242297371498,4.83807700308672,3.759237812867088,6.126896279641619
411,31.48425531387329,18.962806218755663,-3.5958884229084127,0.6754988850885165,0.2626696698496062,23.825000000000202,0.21034438052343263,4.862193781244539,3.806232803431845,6.174814695219097
412,31.576315879821777,19.129768988516386,-3.549951708714933,0.7295621840327141,0.2730486579609328,23.91666666666687,0.2835362252662018,4.786897678150485,3.833487933981135,6.132700801527942
413,31.58383274078369,19.188226561996384,-3.475705603340776,0.7381435544734537,0.2967060475722988,23.93333333333354,0.29683436956313974,4.745106771337156,3.7725399729039157,6.0620207949616605
414,31.63672971725464,19.211695335027382,-3.45618079879127,0.7328968420267866,0.298536954586292,23.975000000000207,0.3300642238090148,4.763304664972825,3.7862450226002844,6.084794384571865
415,31.675719499588013,19.28725411384418,-3.418183801635004,0.7484394458994386,0.3077513960972577,24.025000000000208,0.3699101440560305,4.737745886156027,3.7880939456910347,6.0659617393426934
416,31.724592208862305,19.381316800061136,-3.471426908983564,0.7710775032291176,0.2801913328132263,24.07500000000021,0.4097190735968981,4.693683199939073,3.8811459825804624,6.090480779010042
417,31.804915189743042,19.46131150357341,-3.4034041307330067,0.7828439024825761,0.306656631394251,24.166666666666874,0.4825934509134563,4.705355163093465,3.885997581646463,6.102568673551531
418,31.96138596534729,19.518836796761576,-3.375238247165982,0.7747962386337761,0.3056875436908435,24.183333333333543,0.495826631522925,4.664496536571967,3.871064878688907,6.06157332997883
419,32.08143734931946,19.70165111708221,-3.346672648942439,0.8138246261645353,0.309309133174483,24.416666666666877,0.6804444442632367,4.715015549584667,4.027117093205676,6.200729288980009
420,32.10697054862976,19.783033579698667,-3.315741735624991,0.8138246261645353,0.309309133174483,24.433333333333543,0.6935795851254186,4.650299753634876,4.00932132075041,6.140028114893319
421,32.14214563369751,19.816676190966398,-3.263447951382356,0.8109703553526142,0.3242224097975171,24.47500000000021,0.7263821018390355,4.6583238090338135,3.9898300532213917,6.133410516458189
422,32.2043354511261,19.732446717454643,-3.299147792941858,0.7600604027948303,0.3030425159070516,24.57500000000021,0.8049004336016405,4.842553282545566,4.104048226543498,6.347718813880123
423,32.2724072933197,19.770449737594383,-3.2839956671465056,0.7600604027948303,0.3030425159070516,24.625000000000213,0.8440408264517951,4.85455026240583,4.128036493598301,6.372389154995469
424,32.33607292175293,19.846455777873864,-3.2536914155558008,0.7600604027948303,0.3030425159070516,24.675000000000214,0.8830968159226695,4.82854422212635,4.13678823147847,6.358290350175
425,32.39817023277283,19.80681920551452,-3.2572308183190257,0.7248749319203357,0.2964252543609738,24.725000000000215,0.9220644964478633,4.918180794485696,4.179295314766889,6.4540693872378245
426,32.45791959762573,19.84345316952203,-3.28580897814041,0.7250267304435078,0.2795424396686817,24.77500000000022,0.960939971291795,4.93154683047819,4.246748949432205,6.508074275905509
427,32.51137161254883,19.840023678173523,-3.219605771659801,0.7094155628754799,0.3000891419493006,24.875000000000217,1.0383987634847673,5.034976321826694,4.258004535144568,6.594057110964932
428,32.68213415145874,20.107384657198057,-2.8823505393828106,0.7668494888911399,0.4160594429196594,25.016666666666886,1.147415275100591,4.9092820094688285,4.029765814483402,6.351382713084874
429,32.682145833969116,20.145727131642616,-2.861547567236828,0.7668494888911399,0.4160594429196594,25.033333333333555,1.1601818083481066,4.887606201690939,4.021729375584934,6.329534070786768
430,32.73407554626465,20.254614990573305,-2.833854643221779,0.7949102060155451,0.4188000473093997,25.075000000000223,1.1920394945385446,4.820385009426918,4.025894137760323,6.2804406889613
431,32.826505184173584,20.334106011174857,-2.791974638490839,0.7949102060155451,0.4188000473093997,25.175000000000225,1.2681599791554454,4.840893988825368,4.060134617646284,6.318144326022896
432,32.96055889129639,20.449544318275905,-2.7091866728066063,0.8085782897718847,0.4342436905948441,25.275000000000226,1.3437732166892564,4.825455681724321,4.052959889495863,6.301706626156747
433,33.02151322364807,20.465587285137904,-2.70569734333718,0.7989385681123022,0.4270402284487694,25.325000000000223,1.3813801582035308,4.859412714862319,4.08707750154071,6.349653095797111
434,33.067118883132935,20.485025852883343,-2.723423216595308,0.7907561017113032,0.4114488565337142,25.375000000000224,1.4188489628531311,4.889974147116881,4.1422721794484385,6.408608738884282
435,33.151915073394775,20.56410146305448,-2.6822783309419367,0.7907561017113032,0.4114488565337142,25.466666666666892,1.4871725941821003,4.902565203612411,4.169450925124037,6.435795723349902
436,33.19080209732056,20.665791374891008,-2.5807397919403297,0.8141721777817228,0.4446867788742141,25.48333333333356,1.499541782517096,4.817541958442554,4.080281574457426,6.313272388247737
437,33.2850022315979,20.70649998378009,-2.558505452996619,0.8141721777817228,0.4446867788742141,25.516666666666893,1.5242297625746999,4.810166682886802,4.082735215571319,6.309233737754562
438,33.29137110710144,20.747208592669185,-2.5362711140529086,0.8141721777817228,0.4446867788742141,25.533333333333562,1.5365485542973079,4.786124740664377,4.072819668350217,6.284492826322584
439,33.35053896903992,20.825210643769744,-2.450125275693842,0.8258603549670763,0.4729941145174129,25.57500000000023,1.5672680908818877,4.749789356230487,4.01739336657573,6.22092825793443
440,33.398544788360596,20.72595304276477,-2.5325693297795238,0.7716387159363015,0.4320652477579179,25.625000000000227,1.6039902978247356,4.899046957235459,4.136559627604259,6.411847365769361
441,33.51181602478027,20.70623037787106,-2.5520982673162056,0.7489294205433037,0.4160445003865553,25.76250000000023,1.704143597507904,5.056269622129172,4.256241864824109,6.609194905852579
442,33.54507064819336,20.743676848898225,-2.5312960422968778,0.7489294205433037,0.4160445003865553,25.775000000000233,1.7131799242979278,5.031323151102008,4.2444759665948055,6.5825366601194055
443,33.57201647758484,20.781123319925392,-2.51049381727755,0.7489294205433037,0.4160445003865553,25.787500000000232,1.7222162510879513,5.00637668007484,4.232710068365501,6.555886056486938
444,33.69288754463196,20.881758928554795,-2.3533147301158754,0.7663405165671245,0.4735632032131742,25.910000000000238,1.8101432559289095,5.028241071445443,4.163457986044785,6.52821496843746
445,33.692890882492065,20.92007595438315,-2.3296365699552166,0.7663405165671245,0.4735632032131742,25.920000000000236,1.8172662882932558,4.999924045617085,4.146902858248472,6.495848195400603
446,33.69289469718933,20.84901587923063,-2.2928387963931454,0.7233259423667656,0.478722734587422,25.930000000000238,1.8243893206576018,5.080984120769607,4.117228117050747,6.539722242063965
447,33.72390270233154,20.867346156841936,-2.3186575465457104,0.7163476758632418,0.4592563474611946,25.940000000000236,1.8315123530219481,5.0726538431582995,4.150169899567659,6.554061886173039
448,33.77407169342041,20.92370892305694,-2.270265404231937,0.72444356444696,0.4692767489924087,25.975000000000236,1.8563510352939847,5.051291076943297,4.126616439525922,6.522614873114353
449,33.82918310165405,20.959931101279288,-2.246801566782316,0.72444356444696,0.4692767489924087,26.025000000000233,1.8916886325559634,5.065068898720945,4.138490199338279,6.540796899370076
450,33.962533712387085,21.08413210048647,-2.182010417502576,0.7506245794861368,0.4764242260649836,26.216666666666907,2.025369093394924,5.132534566180436,4.2073795108975,6.636637207333023
451,33.99981427192688,21.121663329460777,-2.158189206199327,0.7506245794861368,0.4764242260649836,26.233333333333576,2.0368555011812264,5.111670003872799,4.1950447073805535,6.612682536264276
452,34.043978691101074,21.12754002305093,-2.139135139340638,0.7383339508707618,0.4745732684940419,26.316666666666904,2.0939450108359696,5.189126643615975,4.233080150176608,6.696715828023794
453,34.08201742172241,21.21839483425336,-2.067032653216601,0.757719162774329,0.4923630789623007,26.333333333333574,2.1052937218294576,5.114938499080214,4.172326375046058,6.60082595053664
454,34.13092398643494,21.256280792392072,-2.0424144992684856,0.757719162774329,0.4923630789623007,26.37500000000024,2.1335596680734663,5.118719207608169,4.175974167341952,6.606061350959746
455,34.17675709724426,21.25043285506272,-2.04120914106063,0.7410804179990061,0.4834555821882403,26.42500000000024,2.167286615625372,5.1745671449375195,4.208495756686002,6.669901174043804
456,34.24305868148804,21.2705140170129,-1.994230278335536,0.7345022297590319,0.4922945592565438,26.475000000000243,2.200796836321781,5.204485982987343,4.195027114657317,6.684678514320777
